mtllib computer_backpack.mtl

o obj1
v 0.560944 2.613205 -1.068512
v 0.56094 2.796967 -1.230278
v 0.560944 2.58873 -1.22303
v 0.56094 2.817719 -1.119591
v 0.560944 2.613205 -1.068512
v 0.761337 2.58873 -1.22303
v 0.761337 2.613205 -1.068512
v 0.560944 2.58873 -1.22303
v 0.560944 2.684235 -0.929131
v 0.560944 2.863922 -1.038361
v 0.560944 2.684235 -0.929131
v 0.761337 2.684235 -0.929131
v 0.560944 2.79483 -0.818512
v 0.560951 2.931335 -0.975365
v 0.761337 2.79483 -0.818512
v 0.560944 2.79483 -0.818512
v 0.560944 2.931915 -0.744011
v 0.560974 2.973969 -0.960983
v 0.560944 2.931915 -0.744011
v 0.761337 2.931915 -0.744011
v 0.560944 3.149841 -0.69693
v 0.761337 3.149841 -0.69693
v 0.761337 3.207245 -0.632755
v 0.560005 3.207245 -0.632755
v 0.560944 3.149841 -0.69693
v 0.761337 3.149841 -0.69693
v 0.565125 3.700256 -0.636166
v 0.761337 3.207245 -0.632755
v 0.761337 3.69986 -0.634193
v 0.560005 3.207245 -0.632755
v 0.761337 3.651775 -1.322014
v 0.560944 3.647003 -1.37114
v 0.560944 3.650537 -1.321034
v 0.761337 3.648468 -1.372299
v 0.560932 3.542755 -1.394623
v 0.560959 3.433136 -1.301071
v 0.560944 3.647003 -1.37114
v 0.560928 3.425476 -1.344223
v 0.560944 3.647003 -1.37114
v 0.761337 3.648468 -1.372299
v 0.631702 3.598877 -1.395569
v 0.761337 3.6073 -1.393784
v 0.560917 3.471313 -1.492889
v 0.560928 3.384583 -1.427872
v 0.560928 3.310516 -1.501648
v 0.560917 3.36264 -1.596237
v 0.560921 3.220276 -1.54364
v 0.560921 3.227814 -1.655563
v 0.560886 3.120575 -1.552216
v 0.560864 3.078064 -1.672836
v 0.560886 3.02005 -1.535049
v 0.56089 2.952393 -1.638489
v 0.560879 2.746674 -1.615189
v 0.560944 2.671661 -1.516937
v 0.560879 2.828979 -1.589325
v 0.560932 2.848907 -1.412598
v 0.560902 2.9198 -1.48085
v 0.761337 2.671661 -1.516937
v 0.560879 2.746674 -1.615189
v 0.761337 2.739868 -1.616837
v 0.560944 2.671661 -1.516937
v 0.560944 2.613205 -1.377533
v 0.56094 2.806671 -1.3181
v 0.761337 2.613205 -1.377533
v 0.560944 2.613205 -1.377533
v 0.560944 3.149841 -0.69693
v 0.561005 3.040497 -0.837257
v 0.530834 3.06604 -0.85125
v 0.560944 3.149841 -0.69693
v 0.529842 3.218323 -0.654083
v 0.561005 3.040497 -0.837257
v 0.560974 2.973969 -0.960983
v 0.530644 2.995239 -1.016304
v 0.560928 2.969513 -1.010338
v 0.529965 3.028748 -0.919907
v 0.560005 2.982635 -1.113655
v 0.529999 3.004669 -1.114227
v 0.531422 3.041077 -1.196609
v 0.560005 3.024689 -1.202301
v 0.530953 3.089111 -1.249382
v 0.560005 3.074677 -1.264236
v 0.560005 3.154694 -1.313812
v 0.529755 3.167084 -1.293808
v 0.560005 3.248108 -1.332718
v 0.530304 3.248779 -1.312271
v 0.532787 3.372253 -1.294098
v 0.556557 3.378754 -1.312561
v 0.560959 3.433136 -1.301071
v 0.530029 3.44165 -1.248047
v 0.529842 3.218323 -0.654083
v 0.536896 3.699371 -0.649696
v 0.560005 3.207245 -0.632755
v 0.761337 3.69986 -0.634193
v 0.571816 3.726624 -0.66964
v 0.565125 3.700256 -0.636166
v 0.761337 3.726746 -0.669609
v 0.536896 3.699371 -0.649696
v 0.53289 3.699341 -0.688019
v 0.560879 2.746674 -1.615189
v 0.560879 2.828979 -1.589325
v 0.612171 2.80423 -1.600143
v 0.761337 2.739868 -1.616837
v 0.636929 2.787476 -1.607391
v 0.761337 2.787781 -1.611084
v 0.560932 3.542755 -1.394623
v 0.599949 3.556671 -1.409882
v 0.610905 3.108765 -1.520432
v 0.610905 3.150055 -1.334015
v 0.610905 3.205872 -1.512253
v 0.610905 2.95816 -1.112846
v 0.610954 2.89447 -1.062302
v 0.610905 2.941895 -1.021507
v 0.610905 3.003998 -1.210678
v 0.610943 2.85437 -1.13298
v 0.610931 2.835846 -1.231697
v 0.610916 2.844299 -1.307831
v 0.610905 2.880615 -1.389404
v 0.610905 3.063263 -1.278511
v 0.610905 2.941345 -1.455399
v 0.610905 3.030792 -1.505142
v 0.610905 3.288025 -1.473358
v 0.610905 3.250122 -1.353287
v 0.610905 3.354126 -1.404404
v 0.610905 3.387665 -1.338333
v 0.610905 2.941895 -1.021507
v 0.610905 2.95816 -1.112846
v 0.610905 3.387665 -1.338333
v 0.610905 3.250122 -1.353287
v 0.610905 3.150055 -1.334015
v 0.610905 3.063263 -1.278511
v 0.610905 3.003998 -1.210678
v 0.561012 3.481537 -1.261139
v 0.961723 2.613205 -1.068512
v 0.961723 2.58873 -1.22303
v 0.961723 2.684235 -0.929131
v 0.961723 2.79483 -0.818512
v 0.961723 2.931915 -0.744011
v 0.961723 3.149841 -0.69693
v 0.961723 3.149841 -0.69693
v 0.962669 3.207245 -0.632755
v 0.957542 3.700256 -0.636166
v 0.962669 3.207245 -0.632755
v 0.961723 3.650537 -1.321034
v 0.961723 3.647003 -1.37114
v 0.961723 3.647003 -1.37114
v 0.890968 3.598877 -1.395569
v 0.961785 2.746674 -1.615189
v 0.961723 2.671661 -1.516937
v 0.961723 2.613205 -1.377533
v 0.992828 3.218323 -0.654083
v 0.985779 3.699371 -0.649696
v 0.950852 3.726624 -0.66964
v 0.957542 3.700256 -0.636166
v 0.985779 3.699371 -0.649696
v 0.989784 3.699341 -0.688019
v 0.961785 2.746674 -1.615189
v 0.9105 2.80423 -1.600143
v 0.961792 2.828979 -1.589325
v 0.885735 2.787476 -1.607391
v 0.922714 3.556671 -1.409882
v 0.961731 3.542755 -1.394623
v 0.53289 3.699341 -0.688019
v 0.529842 3.218323 -0.654083
v 0.536896 3.699371 -0.649696
v 0.561012 3.481537 -1.261139
v 0.560944 3.650537 -1.321034
v 0.561003 3.508146 -1.230884
v 0.530386 3.491323 -1.193639
v 0.530776 3.69659 -0.865676
v 0.530834 3.06604 -0.85125
v 0.564035 3.726643 -0.865288
v 0.530776 3.69659 -0.865676
v 0.761337 3.726686 -0.862969
v 0.958525 3.726643 -0.860652
v 0.991851 3.696591 -0.860258
v 0.599949 3.556671 -1.409882
v 0.560917 3.471313 -1.492889
v 0.560932 3.542755 -1.394623
v 0.602413 3.487549 -1.506226
v 0.605415 3.376068 -1.612595
v 0.560917 3.36264 -1.596237
v 0.606216 3.238342 -1.676346
v 0.560921 3.227814 -1.655563
v 0.560864 3.078064 -1.672836
v 0.605576 3.079071 -1.690933
v 0.604809 2.951569 -1.661285
v 0.56089 2.952393 -1.638489
v 0.560879 2.828979 -1.589325
v 0.612171 2.80423 -1.600143
v 0.961723 2.613205 -1.068512
v 0.961731 2.796967 -1.230278
v 0.961723 2.817719 -1.119591
v 0.961723 2.58873 -1.22303
v 0.992912 3.167084 -1.293808
v 0.993782 3.236267 -1.268745
v 0.993782 3.136108 -1.230766
v 0.961723 2.863922 -1.038361
v 0.961723 2.684235 -0.929131
v 0.991715 3.089111 -1.249382
v 0.961716 2.931335 -0.975365
v 0.961723 2.79483 -0.818512
v 0.99102 3.667725 -1.00042
v 0.989784 3.699341 -0.688019
v 0.993782 3.430756 -0.898178
v 0.961723 2.931915 -0.744011
v 0.961693 2.973969 -0.960983
v 0.993782 3.48053 -1.100143
v 0.935089 3.404663 -1.17189
v 0.993782 3.430756 -1.194992
v 0.935089 3.446686 -1.091805
v 0.993782 3.065063 -0.942581
v 0.991837 3.06604 -0.85125
v 0.992706 3.028748 -0.919907
v 0.993782 3.136108 -0.862404
v 0.993782 3.48053 -0.993027
v 0.935089 3.446686 -1.001366
v 0.992027 2.995239 -1.016304
v 0.992668 3.004669 -1.114227
v 0.993782 3.039429 -1.046585
v 0.993782 3.34259 -1.255836
v 0.935089 3.330231 -1.223251
v 0.985779 3.699371 -0.649696
v 0.992828 3.218323 -0.654083
v 0.993782 3.430756 -0.898178
v 0.935089 3.404663 -0.92128
v 0.992912 3.695282 -0.948845
v 0.993782 3.236267 -1.268745
v 0.935089 3.240448 -1.234177
v 0.992645 3.44165 -1.248047
v 0.961723 3.669861 -1.047012
v 0.99102 3.667725 -1.00042
v 0.961662 3.481537 -1.261139
v 0.993782 3.34259 -0.837334
v 0.935089 3.404663 -0.92128
v 0.993782 3.430756 -0.898178
v 0.935089 3.330231 -0.869904
v 0.961723 3.647003 -1.37114
v 0.961662 3.481537 -1.261139
v 0.961716 3.433136 -1.301071
v 0.935089 3.155884 -1.202095
v 0.993782 3.136108 -1.230766
v 0.961731 3.542755 -1.394623
v 0.961739 3.425476 -1.344223
v 0.993782 3.236267 -0.824417
v 0.935089 3.240448 -0.859001
v 0.961754 3.471313 -1.492889
v 0.961739 3.384583 -1.427872
v 0.922714 3.556671 -1.409882
v 0.961754 3.471313 -1.492889
v 0.920258 3.487549 -1.506226
v 0.961731 3.542755 -1.394623
v 0.993782 3.065063 -1.150581
v 0.935089 3.095917 -1.134399
v 0.961754 3.36264 -1.596237
v 0.961739 3.310516 -1.501648
v 0.917252 3.376068 -1.612595
v 0.961754 3.36264 -1.596237
v 0.935089 3.155884 -0.891075
v 0.993782 3.136108 -0.862404
v 0.961746 3.227814 -1.655563
v 0.961746 3.220276 -1.54364
v 0.916451 3.238342 -1.676346
v 0.961746 3.227814 -1.655563
v 0.993782 3.039429 -1.046585
v 0.935089 3.07428 -1.046585
v 0.961784 3.120575 -1.552216
v 0.961807 3.078064 -1.672836
v 0.917091 3.079071 -1.690933
v 0.961807 3.078064 -1.672836
v 0.993782 3.065063 -0.942581
v 0.935089 3.095917 -0.958771
v 0.961777 3.02005 -1.535049
v 0.961777 2.952393 -1.638489
v 0.917862 2.951569 -1.661285
v 0.961777 2.952393 -1.638489
v 0.961785 2.746674 -1.615189
v 0.961792 2.828979 -1.589325
v 0.961723 2.671661 -1.516937
v 0.9105 2.80423 -1.600143
v 0.961792 2.828979 -1.589325
v 0.993782 3.48053 -0.993027
v 0.961731 2.848907 -1.412598
v 0.961762 2.9198 -1.48085
v 0.994072 3.317261 -1.189026
v 0.994072 3.377258 -1.147606
v 0.994072 3.244873 -1.19783
v 0.961723 2.613205 -1.377533
v 0.961731 2.806671 -1.3181
v 0.993782 3.34259 -0.837334
v 0.994072 3.128326 -1.117371
v 0.994072 3.176697 -1.171959
v 0.961662 3.040497 -0.837257
v 0.961723 3.149841 -0.69693
v 0.993782 3.065063 -1.150581
v 0.991242 3.041077 -1.196609
v 0.992363 3.248779 -1.312271
v 0.992645 3.44165 -1.248047
v 0.993782 3.34259 -1.255836
v 0.989883 3.372253 -1.294098
v 0.993782 3.430756 -1.194992
v 0.991837 3.06604 -0.85125
v 0.992828 3.218323 -0.654083
v 0.961723 3.149841 -0.69693
v 0.961662 3.040497 -0.837257
v 0.992027 2.995239 -1.016304
v 0.961693 2.973969 -0.960983
v 0.961739 2.969513 -1.010338
v 0.992706 3.028748 -0.919907
v 0.962669 2.982635 -1.113655
v 0.992668 3.004669 -1.114227
v 0.991242 3.041077 -1.196609
v 0.962669 3.024689 -1.202301
v 0.991715 3.089111 -1.249382
v 0.962669 3.074677 -1.264236
v 0.96267 3.154694 -1.313812
v 0.992912 3.167084 -1.293808
v 0.962669 3.248108 -1.332718
v 0.992363 3.248779 -1.312271
v 0.989883 3.372253 -1.294098
v 0.96611 3.378754 -1.312561
v 0.961716 3.433136 -1.301071
v 0.962669 3.726654 -0.963821
v 0.992912 3.695282 -0.948845
v 0.962669 3.207245 -0.632755
v 0.994072 3.411133 -1.083038
v 0.961723 3.669861 -1.047012
v 0.961723 3.650537 -1.321034
v 0.994072 3.110901 -1.046585
v 0.994072 3.128326 -0.975784
v 0.935089 3.07428 -1.046585
v 0.994072 3.110901 -1.046585
v 0.935089 3.095917 -0.958771
v 0.994072 3.411133 -1.010117
v 0.994072 3.128326 -1.117371
v 0.935089 3.095917 -1.134399
v 0.994072 3.176697 -1.171959
v 0.935089 3.155884 -1.202095
v 0.994072 3.377258 -0.945564
v 0.935089 3.240448 -1.234177
v 0.994072 3.244873 -1.19783
v 0.994072 3.317261 -1.189026
v 0.935089 3.330231 -1.223251
v 0.994072 3.317261 -0.904144
v 0.994072 3.377258 -1.147606
v 0.935089 3.404663 -1.17189
v 0.935089 3.446686 -1.091805
v 0.994072 3.411133 -1.083038
v 0.994072 3.244873 -0.895355
v 0.935089 3.446686 -1.001366
v 0.994072 3.411133 -1.010117
v 0.994072 3.377258 -0.945564
v 0.935089 3.404663 -0.92128
v 0.994072 3.176697 -0.921211
v 0.994072 3.377258 -0.945564
v 0.935089 3.330231 -0.869904
v 0.994072 3.317261 -0.904144
v 0.935089 3.404663 -0.92128
v 0.935089 3.240448 -0.859001
v 0.994072 3.244873 -0.895355
v 0.994072 3.128326 -0.975784
v 0.994072 3.176697 -0.921211
v 0.935089 3.155884 -0.891075
v 0.911758 3.108765 -1.520432
v 0.911758 3.205872 -1.512253
v 0.911758 3.150055 -1.334015
v 0.911758 2.95816 -1.112846
v 0.911758 2.941895 -1.021507
v 0.911713 2.89447 -1.062302
v 0.911758 3.003998 -1.210678
v 0.911728 2.85437 -1.13298
v 0.911743 2.835846 -1.231697
v 0.911751 2.844299 -1.307831
v 0.911766 2.880615 -1.389404
v 0.911758 3.063263 -1.278511
v 0.911758 2.941345 -1.455399
v 0.911758 3.030792 -1.505142
v 0.911758 3.288025 -1.473358
v 0.911758 3.250122 -1.353287
v 0.911758 3.354126 -1.404404
v 0.911758 3.387665 -1.338333
v 0.911758 2.941895 -1.021507
v 0.911758 2.95816 -1.112846
v 0.961693 2.973969 -0.960983
v 0.961716 2.931335 -0.975365
v 0.911758 2.941895 -1.021507
v 0.911713 2.89447 -1.062302
v 0.961723 2.863922 -1.038361
v 0.961723 2.817719 -1.119591
v 0.911728 2.85437 -1.13298
v 0.961731 2.796967 -1.230278
v 0.911743 2.835846 -1.231697
v 0.911751 2.844299 -1.307831
v 0.961731 2.806671 -1.3181
v 0.911766 2.880615 -1.389404
v 0.961731 2.848907 -1.412598
v 0.961762 2.9198 -1.48085
v 0.911758 2.941345 -1.455399
v 0.961777 3.02005 -1.535049
v 0.911758 3.030792 -1.505142
v 0.911758 3.108765 -1.520432
v 0.961784 3.120575 -1.552216
v 0.911758 3.205872 -1.512253
v 0.961746 3.220276 -1.54364
v 0.911758 3.288025 -1.473358
v 0.961739 3.310516 -1.501648
v 0.961739 3.384583 -1.427872
v 0.911758 3.354126 -1.404404
v 0.961739 3.425476 -1.344223
v 0.911758 3.387665 -1.338333
v 0.961716 3.433136 -1.301071
v 0.911758 3.387665 -1.338333
v 0.911758 3.250122 -1.353287
v 0.911758 3.150055 -1.334015
v 0.911758 3.063263 -1.278511
v 0.911758 3.003998 -1.210678
v 0.993782 3.236267 -0.824417
v 0.993782 3.48053 -1.100143
v 0.603813 4.878418 -0.640572
v 0.730759 4.888733 -0.701202
v 0.598103 4.905273 -0.835037
v 0.701469 4.876648 -0.636398
v 0.917526 4.906097 -0.836845
v 0.79364 4.889191 -0.702133
v 0.914871 4.877533 -0.638397
v 0.821732 4.876892 -0.635487
v 0.917526 4.875092 -0.860458
v 0.598103 4.874237 -0.85865
v 0.598103 4.905273 -0.835037
v 0.917526 4.906097 -0.836845
v 0.599693 4.714142 -0.856949
v 0.919121 4.715027 -0.858757
v 0.599693 4.714142 -0.856949
v 0.899719 4.704987 -0.83667
v 0.619095 4.704132 -0.834862
v 0.919121 4.715027 -0.858757
v 0.701469 4.876648 -0.636398
v 0.603813 4.878418 -0.640572
v 0.603813 4.84671 -0.639141
v 0.701469 4.84494 -0.634968
v 0.730759 4.857025 -0.699768
v 0.701469 4.876648 -0.636398
v 0.701469 4.84494 -0.634968
v 0.730759 4.888733 -0.701202
v 0.603813 4.878418 -0.640572
v 0.594051 4.846039 -0.735008
v 0.603813 4.84671 -0.639141
v 0.598103 4.905273 -0.835037
v 0.79364 4.857483 -0.700707
v 0.79364 4.889191 -0.702133
v 0.821732 4.876892 -0.635487
v 0.821732 4.845245 -0.634056
v 0.821732 4.845245 -0.634056
v 0.914871 4.845795 -0.636967
v 0.821732 4.876892 -0.635487
v 0.914871 4.877533 -0.638397
v 0.921578 4.846893 -0.736816
v 0.914871 4.877533 -0.638397
v 0.914871 4.845795 -0.636967
v 0.917526 4.906097 -0.836845
v 0.594051 4.846039 -0.735008
v 0.701469 4.84494 -0.634968
v 0.603813 4.84671 -0.639141
v 0.730759 4.857025 -0.699768
v 0.821732 4.845245 -0.634056
v 0.921578 4.846893 -0.736816
v 0.914871 4.845795 -0.636967
v 0.79364 4.857483 -0.700707
v 0.595398 4.814301 -0.755325
v 0.92292 4.815155 -0.757134
v 0.92292 4.715912 -0.758278
v 0.595398 4.715057 -0.75647
v 0.622906 4.703705 -0.785935
v 0.92292 4.715912 -0.758278
v 0.595398 4.715057 -0.75647
v 0.895409 4.704559 -0.787743
v 0.595398 4.715057 -0.75647
v 0.595398 4.814301 -0.755325
v 0.599693 4.714142 -0.856949
v 0.598103 4.874237 -0.85865
v 0.92292 4.815155 -0.757134
v 0.917526 4.875092 -0.860458
v 0.92292 4.715912 -0.758278
v 0.919121 4.715027 -0.858757
v 0.619095 3.716461 -0.834862
v 0.619095 4.704132 -0.834862
v 0.899719 3.717316 -0.83667
v 0.899719 4.704987 -0.83667
v 0.895409 4.704559 -0.787743
v 0.899719 3.717316 -0.83667
v 0.899719 4.704987 -0.83667
v 0.895409 3.716888 -0.787743
v 0.622906 4.703705 -0.785935
v 0.619095 3.716461 -0.834862
v 0.622906 3.716034 -0.785935
v 0.619095 4.704132 -0.834862
v 0.622906 4.703705 -0.785935
v 0.895409 3.716888 -0.787743
v 0.895409 4.704559 -0.787743
v 0.622906 3.716034 -0.785935
v 0.441204 2.257462 -1.522995
v 0.438263 2.211624 -1.848007
v 0.45118 2.253265 -1.552872
v 0.45118 2.21582 -1.818329
v 0.408295 2.259247 -1.510406
v 0.408295 2.209824 -1.860794
v 0.397965 2.316528 -1.546951
v 0.425327 2.277573 -1.815353
v 0.397739 2.273254 -1.845154
v 0.425964 2.312515 -1.574539
v 0.45118 2.253265 -1.552872
v 0.45118 2.21582 -1.818329
v 0.45118 2.291519 -1.558273
v 0.45118 2.254059 -1.82373
v 0.441204 2.295731 -1.528397
v 0.408295 2.297501 -1.515808
v -0.386833 2.209824 -1.860794
v 0.408295 2.248077 -1.866196
v 0.408295 2.209824 -1.860794
v -0.386833 2.248077 -1.866196
v -0.386833 2.259247 -1.510406
v -0.386833 2.209824 -1.860794
v -0.386833 2.297501 -1.515808
v 0.408295 2.259247 -1.510406
v 0.408295 2.297501 -1.515808
v -0.386833 2.259247 -1.510406
v 0.438263 2.211624 -1.848007
v 0.438263 2.249878 -1.853409
v 0.441204 2.295731 -1.528397
v 0.441204 2.257462 -1.522995
v 0.438263 2.211624 -1.848007
v 0.438263 2.249878 -1.853409
v 0.441204 2.295731 -1.528397
v 0.441204 2.257462 -1.522995
v -0.376278 2.273254 -1.845154
v -0.376503 2.316528 -1.546951
v 0.45118 2.254059 -1.82373
v 0.438263 2.249878 -1.853409
v 0.45118 2.291519 -1.558273
v 0.408295 2.248077 -1.866196
v -0.386833 2.248077 -1.866196
v -0.386833 2.297501 -1.515808
v -0.416801 2.211624 -1.848007
v -0.419743 2.257462 -1.522995
v -0.429714 2.253265 -1.552872
v -0.429714 2.21582 -1.818329
v -0.403866 2.277573 -1.815353
v -0.404503 2.312515 -1.574539
v -0.429714 2.21582 -1.818329
v -0.429714 2.253265 -1.552872
v -0.429714 2.291519 -1.558273
v -0.429714 2.254059 -1.82373
v -0.419743 2.295731 -1.528397
v -0.416801 2.211624 -1.848007
v -0.416801 2.249878 -1.853409
v -0.419743 2.295731 -1.528397
v -0.419743 2.257462 -1.522995
v -0.416801 2.211624 -1.848007
v -0.416801 2.249878 -1.853409
v -0.419743 2.295731 -1.528397
v -0.419743 2.257462 -1.522995
v -0.416801 2.249878 -1.853409
v -0.429714 2.254059 -1.82373
v -0.429714 2.291519 -1.558273
v -0.067069 2.409286 -1.206337
v -0.067061 2.324966 -1.290268
v -0.067066 2.273682 -1.254128
v -0.067075 2.407486 -1.128319
v -0.064341 2.176712 -1.599945
v -0.064338 2.238846 -1.613525
v -0.048315 2.159164 -1.727753
v -0.04831 2.222961 -1.732147
v -0.04831 2.222961 -1.732147
v 0.088381 2.222961 -1.732147
v -0.048315 2.159164 -1.727753
v 0.088386 2.159164 -1.727753
v -0.067069 2.409286 -1.206337
v 0.107131 2.324966 -1.290268
v -0.067061 2.324966 -1.290268
v 0.107139 2.409286 -1.206337
v 0.104407 2.238846 -1.613525
v -0.064338 2.238846 -1.613525
v -0.067075 2.407486 -1.128319
v -0.067066 2.273682 -1.254128
v 0.107145 2.407486 -1.128319
v 0.107136 2.273682 -1.254128
v -0.064341 2.176712 -1.599945
v 0.104412 2.176712 -1.599945
v 0.088386 2.159164 -1.727753
v -0.048315 2.159164 -1.727753
v 0.107139 2.409286 -1.206337
v 0.107136 2.273682 -1.254128
v 0.107131 2.324966 -1.290268
v 0.107145 2.407486 -1.128319
v 0.104412 2.176712 -1.599945
v 0.104407 2.238846 -1.613525
v 0.088386 2.159164 -1.727753
v 0.088381 2.222961 -1.732147
v 0.636929 2.787476 -1.607391
v 0.761337 2.934235 -1.698547
v 0.761337 2.787781 -1.611084
v 0.626862 2.948486 -1.695786
v 0.761337 3.09314 -1.737305
v 0.630249 3.090515 -1.731995
v 0.632191 3.255157 -1.716965
v 0.761337 3.255554 -1.720993
v 0.761337 3.397827 -1.656906
v 0.629299 3.398132 -1.649963
v 0.630684 3.509796 -1.546494
v 0.761337 3.509796 -1.5522
v 0.761337 3.6073 -1.393784
v 0.631702 3.598877 -1.395569
v 0.599949 3.556671 -1.409882
v 0.602413 3.487549 -1.506226
v 0.605415 3.376068 -1.612595
v 0.606216 3.238342 -1.676346
v 0.605576 3.079071 -1.690933
v 0.604809 2.951569 -1.661285
v 0.612171 2.80423 -1.600143
v 0.885735 2.787476 -1.607391
v 0.895805 2.948486 -1.695786
v 0.892418 3.090515 -1.731995
v 0.890472 3.255157 -1.716965
v 0.893372 3.398132 -1.649963
v 0.891991 3.509796 -1.546494
v 0.890968 3.598877 -1.395569
v 0.922714 3.556671 -1.409882
v 0.920258 3.487549 -1.506226
v 0.917252 3.376068 -1.612595
v 0.916451 3.238342 -1.676346
v 0.917091 3.079071 -1.690933
v 0.917862 2.951569 -1.661285
v 0.9105 2.80423 -1.600143
v 0.218756 2.345533 -1.679977
v 0.149544 2.335905 -1.743164
v 0.150387 2.345793 -1.679535
v 0.218687 2.335691 -1.744568
v 0.142662 2.281019 -1.743622
v 0.218687 2.335691 -1.744568
v 0.227409 2.280821 -1.744202
v 0.149544 2.335905 -1.743164
v 0.150387 2.345793 -1.679535
v 0.149544 2.335905 -1.743164
v 0.142662 2.281019 -1.743622
v 0.142852 2.293607 -1.66185
v 0.228548 2.293226 -1.663666
v 0.227409 2.280821 -1.744202
v 0.218756 2.345533 -1.679977
v 0.218687 2.335691 -1.744568
v 0.218756 2.345533 -1.679977
v 0.142852 2.293607 -1.66185
v 0.228548 2.293226 -1.663666
v 0.150387 2.345793 -1.679535
v 0.112047 2.345533 -1.679977
v 0.042835 2.335905 -1.743164
v 0.043678 2.345793 -1.679535
v 0.111979 2.335691 -1.744568
v 0.035953 2.281019 -1.743622
v 0.111979 2.335691 -1.744568
v 0.120702 2.280821 -1.744202
v 0.042835 2.335905 -1.743164
v 0.043678 2.345793 -1.679535
v 0.042835 2.335905 -1.743164
v 0.035953 2.281019 -1.743622
v 0.036142 2.293607 -1.66185
v 0.12184 2.293226 -1.663666
v 0.120702 2.280821 -1.744202
v 0.112047 2.345533 -1.679977
v 0.111979 2.335691 -1.744568
v 0.112047 2.345533 -1.679977
v 0.036142 2.293607 -1.66185
v 0.12184 2.293226 -1.663666
v 0.043678 2.345793 -1.679535
v 0.007717 2.345533 -1.679977
v -0.061495 2.335905 -1.743164
v -0.060653 2.345793 -1.679535
v 0.007649 2.335691 -1.744568
v -0.068377 2.281019 -1.743622
v 0.007649 2.335691 -1.744568
v 0.016371 2.280821 -1.744202
v -0.061495 2.335905 -1.743164
v -0.060653 2.345793 -1.679535
v -0.061495 2.335905 -1.743164
v -0.068377 2.281019 -1.743622
v -0.068189 2.293607 -1.66185
v 0.017509 2.293226 -1.663666
v 0.016371 2.280821 -1.744202
v 0.007717 2.345533 -1.679977
v 0.007649 2.335691 -1.744568
v 0.007717 2.345533 -1.679977
v -0.068189 2.293607 -1.66185
v 0.017509 2.293226 -1.663666
v -0.060653 2.345793 -1.679535
v -0.213282 2.345533 -1.679977
v -0.282494 2.335905 -1.743164
v -0.281652 2.345793 -1.679535
v -0.21335 2.335691 -1.744568
v -0.289377 2.281019 -1.743622
v -0.21335 2.335691 -1.744568
v -0.204628 2.280821 -1.744202
v -0.282494 2.335905 -1.743164
v -0.281652 2.345793 -1.679535
v -0.282494 2.335905 -1.743164
v -0.289377 2.281019 -1.743622
v -0.289186 2.293607 -1.66185
v -0.203489 2.293226 -1.663666
v -0.204628 2.280821 -1.744202
v -0.213282 2.345533 -1.679977
v -0.21335 2.335691 -1.744568
v -0.213282 2.345533 -1.679977
v -0.289186 2.293607 -1.66185
v -0.203489 2.293226 -1.663666
v -0.281652 2.345793 -1.679535
v -0.10895 2.333555 -1.770615
v -0.178162 2.323957 -1.833801
v -0.177319 2.33383 -1.770172
v -0.109017 2.323744 -1.83522
v -0.185043 2.269041 -1.834259
v -0.109017 2.323744 -1.83522
v -0.100295 2.268858 -1.834854
v -0.178162 2.323957 -1.833801
v -0.177319 2.33383 -1.770172
v -0.178162 2.323957 -1.833801
v -0.185043 2.269041 -1.834259
v -0.184854 2.281629 -1.752487
v -0.099157 2.281248 -1.754303
v -0.100295 2.268858 -1.834854
v -0.10895 2.333555 -1.770615
v -0.109017 2.323744 -1.83522
v -0.10895 2.333555 -1.770615
v -0.184854 2.281629 -1.752487
v -0.099157 2.281248 -1.754303
v -0.177319 2.33383 -1.770172
v -0.21516 2.333555 -1.770615
v -0.284374 2.323957 -1.833801
v -0.283531 2.33383 -1.770172
v -0.215227 2.323744 -1.83522
v -0.291256 2.269041 -1.834259
v -0.215227 2.323744 -1.83522
v -0.206505 2.268858 -1.834854
v -0.284374 2.323957 -1.833801
v -0.283531 2.33383 -1.770172
v -0.284374 2.323957 -1.833801
v -0.291256 2.269041 -1.834259
v -0.291065 2.281629 -1.752487
v -0.205368 2.281248 -1.754303
v -0.206505 2.268858 -1.834854
v -0.21516 2.333555 -1.770615
v -0.215227 2.323744 -1.83522
v -0.21516 2.333555 -1.770615
v -0.291065 2.281629 -1.752487
v -0.205368 2.281248 -1.754303
v -0.283531 2.33383 -1.770172
v 0.062052 2.361601 -1.583649
v -0.00716 2.351972 -1.646835
v -0.006318 2.36186 -1.583206
v 0.061984 2.351759 -1.648239
v -0.014042 2.297086 -1.647293
v 0.061984 2.351759 -1.648239
v 0.070706 2.296888 -1.647873
v -0.00716 2.351972 -1.646835
v -0.006318 2.36186 -1.583206
v -0.00716 2.351972 -1.646835
v -0.014042 2.297086 -1.647293
v -0.013853 2.309675 -1.565521
v 0.071845 2.309263 -1.567337
v 0.070706 2.296888 -1.647873
v 0.062052 2.361601 -1.583649
v 0.061984 2.351759 -1.648239
v 0.062052 2.361601 -1.583649
v -0.013853 2.309675 -1.565521
v 0.071845 2.309263 -1.567337
v -0.006318 2.36186 -1.583206
v 0.168648 2.361601 -1.583649
v 0.099435 2.351972 -1.646835
v 0.100278 2.36186 -1.583206
v 0.168579 2.351759 -1.648239
v 0.092553 2.297086 -1.647293
v 0.168579 2.351759 -1.648239
v 0.177301 2.296888 -1.647873
v 0.099435 2.351972 -1.646835
v 0.100278 2.36186 -1.583206
v 0.099435 2.351972 -1.646835
v 0.092553 2.297086 -1.647293
v 0.092743 2.309675 -1.565521
v 0.17844 2.309263 -1.567337
v 0.177301 2.296888 -1.647873
v 0.168648 2.361601 -1.583649
v 0.168579 2.351759 -1.648239
v 0.168648 2.361601 -1.583649
v 0.092743 2.309675 -1.565521
v 0.17844 2.309263 -1.567337
v 0.100278 2.36186 -1.583206
v 0.302012 2.333555 -1.770615
v 0.2328 2.323957 -1.833801
v 0.233643 2.33383 -1.770172
v 0.301945 2.323744 -1.83522
v 0.225918 2.269041 -1.834259
v 0.301945 2.323744 -1.83522
v 0.310669 2.268858 -1.834854
v 0.2328 2.323957 -1.833801
v 0.233643 2.33383 -1.770172
v 0.2328 2.323957 -1.833801
v 0.225918 2.269041 -1.834259
v 0.226109 2.281629 -1.752487
v 0.311804 2.281248 -1.754303
v 0.310669 2.268858 -1.834854
v 0.302012 2.333555 -1.770615
v 0.301945 2.323744 -1.83522
v 0.302012 2.333555 -1.770615
v 0.226109 2.281629 -1.752487
v 0.311804 2.281248 -1.754303
v 0.233643 2.33383 -1.770172
v 0.289776 3.384827 -1.806854
v 0 3.384491 -1.80899
v 0 3.432526 -1.806702
v 0.331116 3.432281 -1.804092
v 0.345303 3.366089 -1.807068
v 0.386643 3.414185 -1.804276
v 0.434769 3.374207 -1.805603
v 0.38681 3.323029 -1.808609
v 0.455574 3.311768 -1.808319
v 0.397152 3.266571 -1.811172
v 0.455578 2.653076 -1.839661
v 0.394348 2.685638 -1.838867
v 0.3773 2.628922 -1.841766
v 0.437985 2.596542 -1.84256
v 0.389088 2.547333 -1.845505
v 0.341473 2.59935 -1.843613
v 0.317568 2.52179 -1.847595
v 0.2889 2.581314 -1.845108
v 0 2.521973 -1.850296
v 0 2.581482 -1.847443
v 0.253807 2.636536 -1.725677
v 0 2.581482 -1.847443
v 0 2.632507 -1.727844
v 0.2889 2.581314 -1.845108
v 0 3.384491 -1.80899
v 0.252314 3.315613 -1.694794
v 0 3.31842 -1.694168
v 0.289776 3.384827 -1.806854
v 0.296845 3.302185 -1.693512
v 0.345303 3.366089 -1.807068
v 0.345303 3.366089 -1.807068
v 0.330936 3.274078 -1.695862
v 0.296845 3.302185 -1.693512
v 0.38681 3.323029 -1.808609
v 0.397152 3.266571 -1.811172
v 0.343197 3.230896 -1.700272
v 0.337299 2.718567 -1.72171
v 0.394348 2.685638 -1.838867
v 0.325352 2.674377 -1.721268
v 0.3773 2.628922 -1.841766
v 0.341473 2.59935 -1.843613
v 0.291777 2.645325 -1.722946
v 0.291777 2.645325 -1.722946
v 0.341473 2.59935 -1.843613
v 0.253807 2.636536 -1.725677
v 0 2.716522 -1.748993
v 0.268375 2.713715 -1.741974
v 0 2.632507 -1.727844
v 0.291777 2.645325 -1.722946
v 0.296845 3.302185 -1.693512
v 0.330936 3.274078 -1.695862
v 0.265492 3.236694 -1.722076
v 0.337299 2.718567 -1.72171
v 0.265808 2.992493 -1.742065
v 0.343197 3.230896 -1.700272
v 0.325352 2.674377 -1.721268
v 0.252314 3.315613 -1.694794
v 0 3.31842 -1.694168
v 0 3.241608 -1.724915
v 0 2.993164 -1.754211
v 0.367653 3.478149 -1.454102
v 0.331116 3.432281 -1.804092
v 0 3.47876 -1.454102
v 0 3.432526 -1.806702
v 0.386643 3.414185 -1.804276
v 0.429722 3.458191 -1.454102
v 0.483124 3.413422 -1.454742
v 0.434769 3.374207 -1.805603
v 0.429722 3.458191 -1.454102
v 0.386643 3.414185 -1.804276
v 0.509041 3.344055 -1.457291
v 0.455574 3.311768 -1.808319
v 0.509041 2.595703 -1.49437
v 0.455578 2.653076 -1.839661
v 0.489025 2.531418 -1.495911
v 0.437985 2.596542 -1.84256
v 0.389088 2.547333 -1.845505
v 0.489025 2.531418 -1.495911
v 0.433464 2.475479 -1.498947
v 0.437985 2.596542 -1.84256
v 0.352165 2.447937 -1.498123
v 0.317568 2.52179 -1.847595
v 0 2.447937 -1.498123
v 0 2.521973 -1.850296
v 0.367653 3.478149 -1.405518
v 0 3.47876 -1.405518
v 0.429722 3.458191 -1.405518
v 0.483124 3.413422 -1.405518
v 0.429722 3.458191 -1.405518
v 0.511948 3.344055 -1.405502
v 0.514332 2.595703 -1.405457
v 0.493103 2.531418 -1.405457
v 0.439182 2.473419 -1.405457
v 0.493103 2.531418 -1.405457
v 0.352165 2.441498 -1.403915
v 0 2.441498 -1.403915
v 0.493103 2.531418 -1.405457
v 0.514332 2.595703 -1.405457
v 0.535553 2.441498 -1.404312
v 0.439182 2.473419 -1.405457
v 0.352165 2.441498 -1.403915
v 0.429722 3.458191 -1.405518
v 0.367653 3.478149 -1.405518
v 0.535469 3.568115 -1.405518
v 0.483124 3.413422 -1.405518
v 0.429722 3.458191 -1.405518
v 0.535469 3.568115 -1.405518
v 0.511948 3.344055 -1.405502
v 0 3.47876 -1.405518
v 0 3.567932 -1.405518
v 0 3.615967 -1.465591
v 0.535469 3.616119 -1.465591
v 0 3.567932 -1.405518
v 0.535469 3.568115 -1.405518
v 0.535469 3.616119 -1.465591
v 0 3.877289 -1.465591
v 0.535469 3.877472 -1.465591
v 0 3.615967 -1.465591
v 0.535469 3.877472 -1.465591
v 0.482918 3.877441 -1.343735
v 0.533691 3.877472 -1.331177
v 0.534004 4.177155 -1.331177
v 0.533691 3.877472 -1.331177
v 0.482891 3.973389 -1.343735
v 0.483498 3.937317 -1.343735
v 0.533691 3.877472 -1.331177
v 0.535469 3.568115 -1.405518
v 0.535469 3.616119 -1.465591
v 0.535469 3.877472 -1.465591
v 0.535469 3.568115 -1.332611
v 0.535553 2.441498 -1.404312
v 0.535557 2.437897 -1.333893
v 0.352165 2.441498 -1.403915
v 0 2.43779 -1.343933
v 0 2.441498 -1.403915
v 0.535557 2.437897 -1.333893
v 0.535553 2.441498 -1.404312
v 0 3.877289 -1.465591
v 0 3.877289 -1.345001
v 0 3.937439 -1.345001
v 0.482918 3.877441 -1.343735
v 0 3.877289 -1.345001
v 0.564579 3.877472 -1.305588
v 0.534004 4.177155 -1.331177
v 0.564468 4.177155 -1.305588
v 0.533691 3.877472 -1.331177
v 0.582691 4.177155 -1.269737
v 0.582691 3.877472 -1.269737
v 0.588192 3.877472 -0.878494
v 0.582539 4.177155 -0.878494
v 0.573292 3.877472 -0.837021
v 0.573463 4.177155 -0.837021
v 0.497307 4.177155 -0.783722
v 0.541618 3.877472 -0.801971
v 0.542114 4.177155 -0.801971
v 0.496449 3.877472 -0.783722
v 0 3.877472 -0.783722
v 0 4.178802 -0.783722
v 0.573292 3.877472 -0.837021
v 0.573463 4.177155 -0.837021
v 0.48283 4.177155 -1.343735
v 0.542114 4.177155 -0.801971
v 0.534004 4.177155 -1.331177
v 0.497307 4.177155 -0.783722
v 0.573463 4.177155 -0.837021
v 0.564468 4.177155 -1.305588
v 0.582539 4.177155 -0.878494
v 0.582691 4.177155 -1.269737
v 0.393974 4.177399 -1.153946
v 0.393265 4.177368 -0.991295
v 0.535469 3.568115 -1.332611
v 0.582867 2.45105 -1.266838
v 0.564579 2.450394 -1.305588
v 0.586266 2.451996 -0.881775
v 0.573853 2.449707 -0.837082
v 0.539509 2.450241 -0.801178
v 0.573853 2.449707 -0.837082
v 0.494492 2.451279 -0.785049
v 0 2.451233 -0.782005
v 0.530144 2.426102 -1.319778
v 0.555054 2.424438 -1.296326
v 0.53606 2.412415 -1.291428
v 0 2.411087 -0.812859
v 0.536114 2.408798 -1.2565
v 0.49329 2.411423 -0.815117
v 0 2.410965 -1.317123
v 0.541729 2.412247 -0.841812
v 0.552837 2.413177 -1.259842
v 0.556774 2.413773 -0.884911
v 0.535557 2.437897 -1.333893
v 0.555054 2.424438 -1.296326
v 0.56987 2.425262 -1.264297
v 0.573242 2.426025 -0.883514
v 0.5621 2.423752 -0.84333
v 0.573242 2.426025 -0.883514
v 0.5621 2.423752 -0.84333
v 0.537434 2.424301 -0.812683
v 0.494648 2.423981 -0.796097
v 0 2.422501 -0.794365
v 0 2.418991 -1.335846
v 0.530144 2.426102 -1.319778
v 0.56987 2.425262 -1.264297
v 0.537434 2.424301 -0.812683
v 0.5621 2.423752 -0.84333
v 0.494648 2.423981 -0.796097
v 0 2.422501 -0.794365
v 0.403771 3.942413 -1.335709
v 0 3.940399 -1.335739
v 0.389538 4.001129 -1.345093
v 0 4.002228 -1.345001
v 0 4.178802 -1.345001
v 0.48283 4.177155 -1.343735
v 0.366688 3.9841 -1.243942
v 0.388763 3.968384 -1.335297
v 0.365913 3.969208 -1.243919
v 0.389538 4.001129 -1.345093
v 0.366688 3.9841 -1.243942
v 0 3.985168 -1.243858
v 0 4.002228 -1.345001
v 0.389538 4.001129 -1.345093
v 0.365913 3.969208 -1.243919
v 0 3.969299 -1.33522
v 0 3.970123 -1.243858
v 0.388763 3.968384 -1.335297
v 0 3.985168 -1.243858
v 0.365913 3.969208 -1.243919
v 0 3.970123 -1.243858
v 0.366688 3.9841 -1.243942
v 0 4.178802 -0.783722
v 0 4.178986 -0.988976
v 0 4.178802 -1.345001
v 0 4.179047 -1.157135
v 0.386868 3.976196 -1.069077
v 0 3.97583 -1.068642
v 0 4.178986 -0.988976
v 0.393265 4.177368 -0.991295
v 0.386868 3.976196 -1.069077
v 0.393265 4.177368 -0.991295
v 0.393974 4.177399 -1.153946
v 0.387581 3.976349 -1.099884
v 0 3.976349 -1.100479
v 0.387581 3.976349 -1.099884
v 0 4.179047 -1.157135
v 0.393974 4.177399 -1.153946
v 0.386868 3.976196 -1.069077
v 0 3.976349 -1.100479
v 0 3.97583 -1.068642
v 0.387581 3.976349 -1.099884
v 0.391338 3.975861 -1.345428
v 0.388763 3.968384 -1.335297
v 0 3.969299 -1.33522
v 0.391338 3.975861 -1.345428
v -0.331116 3.432281 -1.804092
v -0.289776 3.384827 -1.806854
v -0.345303 3.366089 -1.807068
v -0.386642 3.414185 -1.804276
v -0.434769 3.374207 -1.805603
v -0.38681 3.323029 -1.808609
v -0.455574 3.311768 -1.808319
v -0.397152 3.266571 -1.811172
v -0.394348 2.685638 -1.838867
v -0.455578 2.653076 -1.839661
v -0.3773 2.628922 -1.841766
v -0.437984 2.596542 -1.84256
v -0.389088 2.547333 -1.845505
v -0.341473 2.59935 -1.843613
v -0.317568 2.52179 -1.847595
v -0.2889 2.581314 -1.845108
v -0.253807 2.636536 -1.725677
v -0.2889 2.581314 -1.845108
v -0.252314 3.315613 -1.694794
v -0.289776 3.384827 -1.806854
v -0.296844 3.302185 -1.693512
v -0.345303 3.366089 -1.807068
v -0.330936 3.274078 -1.695862
v -0.345303 3.366089 -1.807068
v -0.296844 3.302185 -1.693512
v -0.38681 3.323029 -1.808609
v -0.343197 3.230896 -1.700272
v -0.397152 3.266571 -1.811172
v -0.337299 2.718567 -1.72171
v -0.394348 2.685638 -1.838867
v -0.325352 2.674377 -1.721268
v -0.3773 2.628922 -1.841766
v -0.341473 2.59935 -1.843613
v -0.291777 2.645325 -1.722946
v -0.341473 2.59935 -1.843613
v -0.291777 2.645325 -1.722946
v -0.253807 2.636536 -1.725677
v -0.268375 2.713715 -1.741974
v -0.291777 2.645325 -1.722946
v -0.296844 3.302185 -1.693512
v -0.265491 3.236694 -1.722076
v -0.330936 3.274078 -1.695862
v -0.337299 2.718567 -1.72171
v -0.343197 3.230896 -1.700272
v -0.265808 2.992493 -1.742065
v -0.325352 2.674377 -1.721268
v -0.252314 3.315613 -1.694794
v -0.367653 3.478149 -1.454102
v -0.331116 3.432281 -1.804092
v -0.386642 3.414185 -1.804276
v -0.429722 3.458191 -1.454102
v -0.434769 3.374207 -1.805603
v -0.483124 3.413422 -1.454742
v -0.434769 3.374207 -1.805603
v -0.509041 3.344055 -1.457291
v -0.483124 3.413422 -1.454742
v -0.455574 3.311768 -1.808319
v -0.509041 2.595703 -1.49437
v -0.455578 2.653076 -1.839661
v -0.437984 2.596542 -1.84256
v -0.489025 2.531418 -1.495911
v -0.389088 2.547333 -1.845505
v -0.433464 2.475479 -1.498947
v -0.433464 2.475479 -1.498947
v -0.389088 2.547333 -1.845505
v -0.352165 2.447937 -1.498123
v -0.317568 2.52179 -1.847595
v -0.367653 3.478149 -1.405518
v -0.429722 3.458191 -1.405518
v -0.483124 3.413422 -1.405518
v -0.511948 3.344055 -1.405502
v -0.483124 3.413422 -1.405518
v -0.514332 2.595703 -1.405457
v -0.493103 2.531418 -1.405457
v -0.439182 2.473419 -1.405457
v -0.352165 2.441498 -1.403915
v -0.439182 2.473419 -1.405457
v -0.493103 2.531418 -1.405457
v -0.535553 2.441498 -1.404312
v -0.514332 2.595703 -1.405457
v -0.439182 2.473419 -1.405457
v -0.352165 2.441498 -1.403915
v -0.429722 3.458191 -1.405518
v -0.535469 3.568115 -1.405518
v -0.367653 3.478149 -1.405518
v -0.483124 3.413422 -1.405518
v -0.535469 3.568115 -1.405518
v -0.429722 3.458191 -1.405518
v -0.511948 3.344055 -1.405502
v 0 3.567932 -1.405518
v 0 3.47876 -1.405518
v -0.535469 3.568115 -1.405518
v -0.535469 3.616119 -1.465591
v -0.535469 3.616119 -1.465591
v -0.535469 3.877472 -1.465591
v -0.535469 3.877472 -1.465591
v -0.533691 3.877472 -1.331177
v -0.482918 3.877441 -1.343735
v -0.533691 3.877472 -1.331177
v -0.482891 3.973389 -1.343735
v -0.483498 3.937317 -1.343735
v -0.534004 4.177155 -1.331177
v -0.535469 3.568115 -1.405518
v -0.533691 3.877472 -1.331177
v -0.535469 3.616119 -1.465591
v -0.535469 3.877472 -1.465591
v -0.535469 3.568115 -1.332611
v -0.535553 2.441498 -1.404312
v -0.535557 2.437897 -1.333893
v -0.352165 2.441498 -1.403915
v -0.535557 2.437897 -1.333893
v -0.535553 2.441498 -1.404312
v -0.482918 3.877441 -1.343735
v -0.564579 3.877472 -1.305588
v -0.534004 4.177155 -1.331177
v -0.533691 3.877472 -1.331177
v -0.564468 4.177155 -1.305588
v -0.582691 4.177155 -1.269737
v -0.582691 3.877472 -1.269737
v -0.588192 3.877472 -0.878494
v -0.582539 4.177155 -0.878494
v -0.573292 3.877472 -0.837021
v -0.573463 4.177155 -0.837021
v -0.497307 4.177155 -0.783722
v -0.541618 3.877472 -0.801971
v -0.496448 3.877472 -0.783722
v -0.542114 4.177155 -0.801971
v -0.573463 4.177155 -0.837021
v -0.573292 3.877472 -0.837021
v -0.497307 4.177155 -0.783722
v -0.48283 4.177155 -1.343735
v -0.542114 4.177155 -0.801971
v -0.534004 4.177155 -1.331177
v -0.573463 4.177155 -0.837021
v -0.564468 4.177155 -1.305588
v -0.582539 4.177155 -0.878494
v -0.582691 4.177155 -1.269737
v -0.393974 4.177399 -1.153946
v -0.393265 4.177368 -0.991295
v -0.535469 3.568115 -1.332611
v -0.582867 2.45105 -1.266838
v -0.564579 2.450394 -1.305588
v -0.586266 2.451996 -0.881775
v -0.573852 2.449707 -0.837082
v -0.539509 2.450241 -0.801178
v -0.573852 2.449707 -0.837082
v -0.494492 2.451279 -0.785049
v -0.530144 2.426102 -1.319778
v -0.53606 2.412415 -1.291428
v -0.555054 2.424438 -1.296326
v -0.536114 2.408798 -1.2565
v -0.49329 2.411423 -0.815117
v -0.541729 2.412247 -0.841812
v -0.552837 2.413177 -1.259842
v -0.556774 2.413773 -0.884911
v -0.535557 2.437897 -1.333893
v -0.555054 2.424438 -1.296326
v -0.56987 2.425262 -1.264297
v -0.573242 2.426025 -0.883514
v -0.562099 2.423752 -0.84333
v -0.573242 2.426025 -0.883514
v -0.537434 2.424301 -0.812683
v -0.562099 2.423752 -0.84333
v -0.494648 2.423981 -0.796097
v -0.530144 2.426102 -1.319778
v -0.56987 2.425262 -1.264297
v -0.537434 2.424301 -0.812683
v -0.562099 2.423752 -0.84333
v -0.494648 2.423981 -0.796097
v -0.40377 3.942413 -1.335709
v -0.389538 4.001129 -1.345093
v -0.48283 4.177155 -1.343735
v -0.388763 3.968384 -1.335297
v -0.366688 3.9841 -1.243942
v -0.365913 3.969208 -1.243919
v -0.389538 4.001129 -1.345093
v -0.366688 3.9841 -1.243942
v -0.389538 4.001129 -1.345093
v -0.365913 3.969208 -1.243919
v -0.388763 3.968384 -1.335297
v -0.366688 3.9841 -1.243942
v -0.365913 3.969208 -1.243919
v -0.386867 3.976196 -1.069077
v -0.393265 4.177368 -0.991295
v -0.387581 3.976349 -1.099884
v -0.393974 4.177399 -1.153946
v -0.386867 3.976196 -1.069077
v -0.393265 4.177368 -0.991295
v -0.387581 3.976349 -1.099884
v -0.393974 4.177399 -1.153946
v -0.386867 3.976196 -1.069077
v -0.387581 3.976349 -1.099884
v -0.391338 3.975861 -1.345428
v -0.388763 3.968384 -1.335297
v -0.391338 3.975861 -1.345428
v 0.27511 4.191864 -1.233986
v 0.35545 4.191315 -1.233627
v 0.355537 4.191437 -1.301071
v 0.275194 4.191986 -1.301056
v 0.355537 4.191437 -1.301071
v 0.35545 4.191315 -1.233627
v 0.359631 4.177032 -1.228348
v 0.359409 4.177032 -1.306488
v 0.359409 4.177032 -1.306488
v 0.275194 4.191986 -1.301056
v 0.355537 4.191437 -1.301071
v 0.269751 4.177032 -1.305405
v 0.269007 4.177032 -1.229767
v 0.359631 4.177032 -1.228348
v 0.27511 4.191864 -1.233986
v 0.35545 4.191315 -1.233627
v 0.269007 4.177032 -1.229767
v 0.275194 4.191986 -1.301056
v 0.269751 4.177032 -1.305405
v 0.27511 4.191864 -1.233986
v 0.391167 4.191864 -1.233986
v 0.471508 4.191315 -1.233627
v 0.471596 4.191437 -1.301071
v 0.391251 4.191986 -1.301056
v 0.471596 4.191437 -1.301071
v 0.471508 4.191315 -1.233627
v 0.475689 4.177032 -1.228348
v 0.475468 4.177032 -1.306488
v 0.475468 4.177032 -1.306488
v 0.391251 4.191986 -1.301056
v 0.471596 4.191437 -1.301071
v 0.385807 4.177032 -1.305405
v 0.385063 4.177032 -1.229767
v 0.475689 4.177032 -1.228348
v 0.391167 4.191864 -1.233986
v 0.471508 4.191315 -1.233627
v 0.385063 4.177032 -1.229767
v 0.391251 4.191986 -1.301056
v 0.385807 4.177032 -1.305405
v 0.391167 4.191864 -1.233986
v -0.572205 3.036377 -1.412735
v -0.582157 2.892395 -1.373489
v -0.584972 3.051147 -1.392929
v -0.574379 2.884796 -1.393143
v -0.838669 2.994843 -1.335632
v -0.842148 3.136566 -1.354202
v -0.855537 3.143768 -1.339142
v -0.839722 3.100861 -0.747467
v -0.835319 3.258423 -0.755486
v -0.849144 3.001556 -1.320419
v -0.723663 3.25882 -0.72596
v -0.826347 3.102966 -0.73275
v -0.720161 3.102081 -0.719009
v -0.821716 3.260803 -0.739807
v -0.398628 3.229736 -0.74617
v -0.542129 3.092194 -0.739098
v -0.399719 3.084381 -0.743385
v -0.544907 3.241577 -0.7398
v -0.574379 2.884796 -1.393143
v -0.543022 3.03476 -1.413345
v -0.542789 2.877838 -1.389572
v -0.572205 3.036377 -1.412735
v -0.542789 2.877838 -1.389572
v -0.582157 2.892395 -1.373489
v -0.574379 2.884796 -1.393143
v -0.554825 2.894073 -1.344574
v -0.55151 3.055328 -1.369019
v -0.543022 3.03476 -1.413345
v -0.572205 3.036377 -1.412735
v -0.584972 3.051147 -1.392929
v -0.806068 2.989807 -1.301743
v -0.838669 2.994843 -1.335632
v -0.815399 3.139832 -1.328094
v -0.842148 3.136566 -1.354202
v -0.839722 3.100861 -0.747467
v -0.819176 2.99762 -1.285797
v -0.810936 3.095917 -0.775169
v -0.849144 3.001556 -1.320419
v -0.825577 3.146118 -1.313278
v -0.835319 3.258423 -0.755486
v -0.802086 3.25647 -0.781967
v -0.855537 3.143768 -1.339142
v -0.797584 3.098419 -0.760193
v -0.720161 3.102081 -0.719009
v -0.826347 3.102966 -0.73275
v -0.713119 3.097778 -0.748749
v -0.399719 3.084381 -0.743385
v -0.395901 3.230164 -0.783432
v -0.398628 3.229736 -0.74617
v -0.400162 3.080963 -0.781708
v -0.544907 3.241577 -0.7398
v -0.725906 3.257385 -0.757317
v -0.723663 3.25882 -0.72596
v -0.543835 3.242004 -0.773041
v -0.399719 3.084381 -0.743385
v -0.542129 3.092194 -0.739098
v -0.540089 3.088379 -0.772545
v -0.400162 3.080963 -0.781708
v -0.787971 3.258728 -0.767754
v -0.821716 3.260803 -0.739807
v -0.398628 3.229736 -0.74617
v -0.395901 3.230164 -0.783432
v -0.55151 3.055328 -1.369019
v -0.806068 2.989807 -1.301743
v -0.554825 2.894073 -1.344574
v -0.815399 3.139832 -1.328094
v -0.810936 3.095917 -0.775169
v -0.825577 3.146118 -1.313278
v -0.802086 3.25647 -0.781967
v -0.819176 2.99762 -1.285797
v -0.797584 3.098419 -0.760193
v -0.725906 3.257385 -0.757317
v -0.713119 3.097778 -0.748749
v -0.787971 3.258728 -0.767754
v -0.543835 3.242004 -0.773041
v -0.540089 3.088379 -0.772545
v -0.395901 3.230164 -0.783432
v -0.400162 3.080963 -0.781708
v -0.542789 2.877838 -1.389572
v -0.543022 3.03476 -1.413345
v -0.842148 3.136566 -1.354202
v -0.838669 2.994843 -1.335632
v -0.826347 3.102966 -0.73275
v -0.821716 3.260803 -0.739807
v -0.806068 2.989807 -1.301743
v -0.815399 3.139832 -1.328094
v -0.797584 3.098419 -0.760193
v -0.787971 3.258728 -0.767754
v -0.81253 2.46785 -1.182465
v -0.81253 2.884155 -1.18531
v -0.607254 2.46785 -1.182465
v -0.607254 2.884155 -1.18531
v -0.81253 2.46785 -0.784615
v -0.81253 2.46785 -1.182465
v -0.607254 2.46785 -0.784615
v -0.607254 2.46785 -1.182465
v -0.81253 2.884155 -1.18531
v -0.81253 2.46785 -0.784615
v -0.81253 3.423218 -0.784615
v -0.81253 2.46785 -1.182465
v -0.607254 2.46785 -0.784615
v -0.607254 2.884155 -1.18531
v -0.607254 3.423218 -0.784615
v -0.607254 2.46785 -1.182465
v -0.81253 3.423218 -1.308151
v -0.81253 3.423218 -0.784615
v -0.607254 3.423218 -0.784615
v -0.607254 3.423218 -1.308151
v -0.81253 2.46785 -0.784615
v -0.607254 3.423218 -0.784615
v -0.81253 3.423218 -0.784615
v -0.607254 2.46785 -0.784615
v -0.81253 2.95755 -1.308151
v -0.607254 3.423218 -1.308151
v -0.607254 2.95755 -1.308151
v -0.81253 3.423218 -1.308151
v -0.81253 3.423218 -1.308151
v -0.81253 2.95755 -1.308151
v -0.607254 3.423218 -1.308151
v -0.607254 2.95755 -1.308151
v -0.607254 2.884155 -1.18531
v -0.81253 2.884155 -1.18531
v -0.607254 2.95755 -1.308151
v -0.81253 2.95755 -1.308151
v -0.775963 2.521805 -1.241432
v -0.775963 2.91037 -1.296616
v -0.638122 2.521805 -1.241432
v -0.638122 2.91037 -1.296616
v -0.638122 2.513214 -1.182068
v -0.775963 2.513214 -1.182068
v -0.775963 2.521805 -1.241432
v -0.638122 2.521805 -1.241432
v -0.638122 2.919098 -1.184105
v -0.638122 2.513214 -1.182068
v -0.638122 2.920166 -1.28801
v -0.775963 2.919098 -1.184105
v -0.638122 2.919098 -1.184105
v -0.638122 2.920166 -1.28801
v -0.775963 2.920166 -1.28801
v -0.775963 2.513214 -1.182068
v -0.775963 2.920166 -1.28801
v -0.775963 2.91037 -1.296616
v -0.775963 2.521805 -1.241432
v -0.638122 2.91037 -1.296616
v -0.775963 2.91037 -1.296616
v -0.775963 2.919098 -1.184105
v -0.638122 2.91037 -1.296616
v -0.638122 2.521805 -1.241432
v -0.754608 4.09845 -0.943092
v -0.763191 4.098022 -0.916672
v -0.718239 4.106659 -0.916672
v -0.7742 3.534058 -0.918343
v -0.792885 3.422363 -0.918343
v -0.763336 3.534058 -0.884911
v -0.778458 3.422363 -0.873932
v -0.754608 4.097595 -0.890251
v -0.763336 3.534058 -0.951775
v -0.778458 3.422363 -0.962753
v -0.740677 3.422363 -0.846481
v -0.734901 3.534058 -0.86425
v -0.732132 4.097321 -0.873924
v -0.732132 4.098755 -0.959419
v -0.699753 3.534058 -0.86425
v -0.693977 3.422363 -0.846481
v -0.704353 4.097321 -0.873924
v -0.740677 3.422363 -0.990204
v -0.734901 3.534058 -0.972435
v -0.67131 3.534058 -0.884911
v -0.656197 3.422363 -0.873932
v -0.681877 4.097595 -0.890251
v -0.704353 4.098755 -0.959419
v -0.641766 3.422363 -0.918343
v -0.660454 3.534058 -0.918343
v -0.673286 4.098022 -0.916672
v -0.693977 3.422363 -0.990204
v -0.699753 3.534058 -0.972435
v -0.656197 3.422363 -0.962753
v -0.67131 3.534058 -0.951775
v -0.641766 3.422363 -0.918343
v -0.660454 3.534058 -0.918343
v -0.681877 4.09845 -0.943092
v -0.754013 3.534058 -0.920639
v -0.763336 3.534058 -0.951775
v -0.7742 3.534058 -0.918343
v -0.746452 3.534058 -0.943909
v -0.746452 3.534058 -0.897377
v -0.763336 3.534058 -0.884911
v -0.734901 3.534058 -0.86425
v -0.726662 3.534058 -0.882996
v -0.699753 3.534058 -0.86425
v -0.702194 3.534058 -0.882996
v -0.67131 3.534058 -0.884911
v -0.682404 3.534058 -0.897377
v -0.660454 3.534058 -0.918343
v -0.674843 3.534058 -0.920639
v -0.67131 3.534058 -0.951775
v -0.683441 3.534058 -0.942757
v -0.703232 3.534058 -0.957138
v -0.699753 3.534058 -0.972435
v -0.726662 3.534058 -0.95829
v -0.734901 3.534058 -0.972435
v -0.746452 3.534058 -0.943909
v -0.754013 3.534058 -0.920639
v -0.762581 3.699371 -0.953163
v -0.756004 3.699005 -0.920212
v -0.746452 3.534058 -0.897377
v -0.724914 3.698456 -0.902237
v -0.726662 3.534058 -0.882996
v -0.702194 3.534058 -0.882996
v -0.695908 3.698242 -0.916596
v -0.682404 3.534058 -0.897377
v -0.674843 3.534058 -0.920639
v -0.691124 3.697052 -0.947945
v -0.683441 3.534058 -0.942757
v -0.691124 3.697052 -0.947945
v -0.683441 3.534058 -0.942757
v -0.703232 3.534058 -0.957138
v -0.713394 3.69635 -0.975189
v -0.726662 3.534058 -0.95829
v -0.743339 3.69809 -0.976395
v -0.772224 3.817627 -0.941406
v -0.764831 3.818024 -0.964165
v -0.764831 3.817261 -0.918655
v -0.745476 3.817017 -0.904594
v -0.72155 3.817017 -0.904594
v -0.702194 3.817261 -0.918655
v -0.694794 3.817627 -0.941406
v -0.702194 3.818024 -0.964165
v -0.694794 3.817627 -0.941406
v -0.72155 3.818268 -0.978226
v -0.745476 3.818268 -0.978226
v -0.780937 3.825378 -0.938515
v -0.773163 3.825104 -0.968987
v -0.772224 3.817627 -0.941406
v -0.764831 3.818024 -0.964165
v -0.772224 3.824463 -0.908409
v -0.764831 3.817261 -0.918655
v -0.745476 3.817017 -0.904594
v -0.745468 3.825287 -0.889603
v -0.72155 3.817017 -0.904594
v -0.714989 3.823608 -0.888573
v -0.68898 3.825958 -0.907173
v -0.702194 3.817261 -0.918655
v -0.694794 3.817627 -0.941406
v -0.682617 3.82608 -0.939026
v -0.693527 3.827393 -0.967255
v -0.682617 3.82608 -0.939026
v -0.694794 3.817627 -0.941406
v -0.702194 3.818024 -0.964165
v -0.716576 3.82605 -0.984993
v -0.72155 3.818268 -0.978226
v -0.746674 3.825684 -0.988007
v -0.745476 3.818268 -0.978226
v -0.780937 3.825378 -0.938515
v -0.772797 4.073822 -0.956467
v -0.773163 3.825104 -0.968987
v -0.785675 4.073151 -0.91684
v -0.772224 3.824463 -0.908409
v -0.771805 4.071869 -0.877731
v -0.745468 3.825287 -0.889603
v -0.73777 4.071472 -0.852646
v -0.714989 3.823608 -0.888573
v -0.697227 4.072418 -0.851952
v -0.68898 3.825958 -0.907173
v -0.66275 4.073181 -0.875832
v -0.682617 3.82608 -0.939026
v -0.649162 4.073944 -0.916771
v -0.682617 3.82608 -0.939026
v -0.662292 4.074463 -0.956345
v -0.649162 4.073944 -0.916771
v -0.693527 3.827393 -0.967255
v -0.695938 4.07428 -0.980858
v -0.716576 3.82605 -0.984993
v -0.746674 3.825684 -0.988007
v -0.739082 4.074249 -0.980965
v -0.785675 4.073151 -0.91684
v -0.772797 4.073822 -0.956467
v -0.771805 4.071869 -0.877731
v -0.73777 4.071472 -0.852646
v -0.697227 4.072418 -0.851952
v -0.66275 4.073181 -0.875832
v -0.649162 4.073944 -0.916771
v -0.662292 4.074463 -0.956345
v -0.695938 4.07428 -0.980858
v -0.739082 4.074249 -0.980965
v -0.624935 4.033295 -1.200165
v -0.617973 4.124634 -1.257965
v -0.61816 4.033295 -1.258507
v -0.624561 4.124451 -1.200256
v -0.624935 4.033295 -1.200165
v -0.667297 4.124542 -1.159569
v -0.624561 4.124451 -1.200256
v -0.668281 4.033081 -1.158401
v -0.667297 4.124542 -1.159569
v -0.668281 4.033081 -1.158401
v -0.666305 4.124542 -1.149651
v -0.667213 4.033081 -1.148621
v -0.587452 4.033081 -1.105515
v -0.587143 4.124542 -1.105545
v -0.581383 4.033295 -1.258507
v -0.617973 4.124634 -1.257965
v -0.581192 4.124634 -1.257965
v -0.61816 4.033295 -1.258507
v -0.587143 4.124542 -1.105545
v -0.624561 4.124451 -1.200256
v -0.666305 4.124542 -1.149651
v -0.667297 4.124542 -1.159569
v -0.624935 4.033295 -1.200165
v -0.667213 4.033081 -1.148621
v -0.668281 4.033081 -1.158401
v -0.587452 4.033081 -1.105515
v -0.581383 4.033295 -1.258507
v -0.61816 4.033295 -1.258507
v -0.581192 4.124634 -1.257965
v -0.617973 4.124634 -1.257965
v -0.077499 2.33444 -1.769272
v 0.207628 2.334181 -1.769699
v 0.207558 2.323911 -1.837158
v -0.078343 2.324125 -1.835739
v -0.085226 2.269239 -1.836197
v 0.207558 2.323911 -1.837158
v 0.216278 2.269026 -1.836792
v -0.078343 2.324125 -1.835739
v -0.077499 2.33444 -1.769272
v -0.078343 2.324125 -1.835739
v -0.085226 2.269239 -1.836197
v -0.085033 2.282255 -1.751572
v 0.217421 2.281873 -1.753387
v 0.216278 2.269026 -1.836792
v 0.207628 2.334181 -1.769699
v 0.207558 2.323911 -1.837158
v 0.207628 2.334181 -1.769699
v -0.085033 2.282255 -1.751572
v 0.217421 2.281873 -1.753387
v -0.077499 2.33444 -1.769272
v -0.179888 2.281019 -1.753647
v -0.100103 2.335783 -1.754517
v -0.090895 2.280805 -1.754242
v -0.171873 2.335798 -1.753082
v -0.179584 2.310072 -1.563644
v -0.062656 2.362333 -1.582504
v -0.171043 2.361906 -1.583282
v -0.05001 2.311384 -1.56575
v -0.090096 2.297804 -1.661301
v -0.100103 2.335783 -1.754517
v -0.099863 2.349409 -1.664398
v -0.090895 2.280805 -1.754242
v -0.065018 2.350034 -1.66391
v -0.050456 2.296995 -1.658905
v -0.090096 2.297804 -1.661301
v -0.099863 2.349409 -1.664398
v -0.171873 2.335798 -1.753082
v -0.171043 2.361906 -1.583282
v -0.099863 2.349409 -1.664398
v -0.100103 2.335783 -1.754517
v -0.171043 2.361906 -1.583282
v -0.179888 2.281019 -1.753647
v -0.179584 2.310072 -1.563644
v -0.171873 2.335798 -1.753082
v -0.062656 2.362333 -1.582504
v -0.050456 2.296995 -1.658905
v -0.065018 2.350034 -1.66391
v -0.05001 2.311384 -1.56575
v -0.062656 2.362333 -1.582504
v -0.065018 2.350034 -1.66391
v 0.245966 2.345701 -1.680161
v 0.396088 2.345442 -1.680603
v 0.396015 2.335325 -1.746994
v 0.245121 2.335539 -1.745575
v 0.238239 2.280653 -1.746048
v 0.396015 2.335325 -1.746994
v 0.404739 2.28047 -1.746628
v 0.245121 2.335539 -1.745575
v 0.245966 2.345701 -1.680161
v 0.245121 2.335539 -1.745575
v 0.238239 2.280653 -1.746048
v 0.238432 2.293501 -1.662476
v 0.40588 2.293119 -1.664291
v 0.404739 2.28047 -1.746628
v 0.396088 2.345442 -1.680603
v 0.396015 2.335325 -1.746994
v 0.396088 2.345442 -1.680603
v 0.238432 2.293501 -1.662476
v 0.40588 2.293119 -1.664291
v 0.245966 2.345701 -1.680161
v 0.395638 2.333555 -1.770615
v 0.326424 2.323957 -1.833801
v 0.327267 2.33383 -1.770172
v 0.395569 2.323744 -1.83522
v 0.31954 2.269041 -1.834259
v 0.395569 2.323744 -1.83522
v 0.404289 2.268858 -1.834854
v 0.326424 2.323957 -1.833801
v 0.327267 2.33383 -1.770172
v 0.326424 2.323957 -1.833801
v 0.31954 2.269041 -1.834259
v 0.319731 2.281629 -1.752487
v 0.40543 2.281248 -1.754303
v 0.404289 2.268858 -1.834854
v 0.395638 2.333555 -1.770615
v 0.395569 2.323744 -1.83522
v 0.395638 2.333555 -1.770615
v 0.319731 2.281629 -1.752487
v 0.40543 2.281248 -1.754303
v 0.327267 2.33383 -1.770172
v -0.314703 2.333555 -1.770615
v -0.383919 2.323957 -1.833801
v -0.383076 2.33383 -1.770172
v -0.314772 2.323744 -1.83522
v -0.3908 2.269041 -1.834259
v -0.314772 2.323744 -1.83522
v -0.306051 2.268858 -1.834854
v -0.383919 2.323957 -1.833801
v -0.383076 2.33383 -1.770172
v -0.383919 2.323957 -1.833801
v -0.3908 2.269041 -1.834259
v -0.39061 2.281629 -1.752487
v -0.304914 2.281248 -1.754303
v -0.306051 2.268858 -1.834854
v -0.314703 2.333555 -1.770615
v -0.314772 2.323744 -1.83522
v -0.314703 2.333555 -1.770615
v -0.39061 2.281629 -1.752487
v -0.304914 2.281248 -1.754303
v -0.383076 2.33383 -1.770172
v 0.395821 2.361601 -1.583649
v 0.326607 2.351972 -1.646835
v 0.32745 2.36186 -1.583206
v 0.395752 2.351759 -1.648239
v 0.319729 2.297086 -1.647293
v 0.395752 2.351759 -1.648239
v 0.404472 2.296888 -1.647873
v 0.326607 2.351972 -1.646835
v 0.32745 2.36186 -1.583206
v 0.326607 2.351972 -1.646835
v 0.319729 2.297086 -1.647293
v 0.319916 2.309675 -1.565521
v 0.405613 2.309263 -1.567337
v 0.404472 2.296888 -1.647873
v 0.395821 2.361601 -1.583649
v 0.395752 2.351759 -1.648239
v 0.395821 2.361601 -1.583649
v 0.319916 2.309675 -1.565521
v 0.405613 2.309263 -1.567337
v 0.32745 2.36186 -1.583206
v 0.501537 3.832367 -0.849327
v 1.033226 3.729736 -1.104507
v 0.506054 3.835663 -1.238869
v 0.978478 3.73111 -1.317062
v 0.506054 3.835663 -1.238869
v 0.959488 3.690735 -1.353561
v 0.500435 3.705231 -1.349792
v 0.978478 3.73111 -1.317062
v 1.061546 3.704529 -0.84832
v 1.026329 3.728729 -0.848412
v 1.068542 3.704865 -1.102791
v 1.014778 3.707886 -1.314621
v 0.98484 3.678009 -1.3535
v 1.014778 3.707886 -1.314621
v 1.023926 3.674225 -1.311707
v 1.023399 3.483398 -1.308456
v 0.992432 3.64682 -1.353302
v 0.987137 3.483368 -1.350632
v 1.073051 3.680969 -1.10141
v 1.074615 3.483337 -1.103004
v 1.067329 3.483215 -0.848152
v 1.06813 3.678375 -0.849899
v 0.98484 3.678009 -1.3535
v 1.014778 3.707886 -1.314621
v 1.068542 3.704865 -1.102791
v 1.061546 3.704529 -0.84832
v 1.026329 3.728729 -0.848412
v 0.501537 3.832367 -0.849327
v 0.501679 3.483276 -0.848236
v 1.067329 3.483215 -0.848152
v 1.06813 3.678375 -0.849899
v 1.061546 3.704529 -0.84832
v 0.500435 3.705231 -1.349792
v 0.959488 3.690735 -1.353561
v 0.49778 3.483429 -1.348297
v 0.987137 3.483368 -1.350632
v 0.992432 3.64682 -1.353302
v 0.98484 3.678009 -1.3535
v 0.501679 3.483276 -0.848236
v 0.987137 3.483368 -1.350632
v 1.067329 3.483215 -0.848152
v 0.49778 3.483429 -1.348297
v 1.074615 3.483337 -1.103004
v 1.023399 3.483398 -1.308456
v -0.317972 2.361601 -1.583649
v -0.387184 2.351972 -1.646835
v -0.386341 2.36186 -1.583206
v -0.318041 2.351759 -1.648239
v -0.394066 2.297086 -1.647293
v -0.318041 2.351759 -1.648239
v -0.309318 2.296888 -1.647873
v -0.387184 2.351972 -1.646835
v -0.386341 2.36186 -1.583206
v -0.387184 2.351972 -1.646835
v -0.394066 2.297086 -1.647293
v -0.393875 2.309675 -1.565521
v -0.30818 2.309263 -1.567337
v -0.309318 2.296888 -1.647873
v -0.317972 2.361601 -1.583649
v -0.318041 2.351759 -1.648239
v -0.317972 2.361601 -1.583649
v -0.393875 2.309675 -1.565521
v -0.30818 2.309263 -1.567337
v -0.386341 2.36186 -1.583206
v 0.387562 4.521118 -0.941406
v -0.366322 4.498463 -0.928736
v -0.152235 4.616364 -0.896156
v 0.386864 4.613342 -0.897911
v -0.359058 4.590118 -0.838989
v 0.388805 4.41748 -0.985443
v -0.387699 4.404053 -0.990051
v 0.388447 4.278564 -1.021919
v -0.388794 4.266937 -1.023903
v -0.383144 4.039124 -1.06897
v 0.386086 4.036224 -1.068687
v 0.387562 4.521118 -0.941406
v 0.386871 4.602875 -0.875725
v 0.387566 4.510651 -0.91922
v 0.386864 4.613342 -0.897911
v 0.386864 4.613342 -0.897911
v -0.152235 4.616364 -0.896156
v 0.386871 4.602875 -0.875725
v -0.152244 4.602753 -0.875748
v -0.359058 4.590118 -0.838989
v -0.36657 4.486989 -0.904078
v -0.355473 4.571777 -0.825943
v -0.366322 4.498463 -0.928736
v -0.359058 4.590118 -0.838989
v -0.355473 4.571777 -0.825943
v -0.386883 4.394623 -0.967423
v -0.387699 4.404053 -0.990051
v 0.388809 4.411224 -0.961716
v 0.388451 4.272308 -0.998192
v 0.388447 4.278564 -1.021919
v 0.388805 4.41748 -0.985443
v -0.383144 4.039124 -1.06897
v -0.388809 4.262146 -0.99984
v -0.388794 4.266937 -1.023903
v -0.383156 4.034363 -1.044891
v 0.386086 4.036224 -1.068687
v 0.386082 4.031555 -1.044609
v -0.355473 4.571777 -0.825943
v -0.36657 4.486989 -0.904078
v -0.152244 4.602753 -0.875748
v 0.387566 4.510651 -0.91922
v 0.386871 4.602875 -0.875725
v 0.388809 4.411224 -0.961716
v -0.386883 4.394623 -0.967423
v 0.388451 4.272308 -0.998192
v -0.388809 4.262146 -0.99984
v -0.383156 4.034363 -1.044891
v 0.386082 4.031555 -1.044609
v 0.344502 4.519836 -0.988823
v -0.422428 4.438446 -1.028267
v -0.204164 4.554474 -0.972519
v 0.331272 4.611633 -0.946457
v -0.423115 4.504883 -0.938446
v 0.35957 4.416748 -1.031578
v -0.409306 4.316711 -1.076042
v 0.376576 4.278412 -1.06646
v -0.393368 4.180084 -1.108376
v -0.360065 3.954132 -1.150513
v 0.403637 4.037109 -1.11058
v 0.344505 4.509552 -0.966545
v 0.331272 4.611633 -0.946457
v 0.33128 4.601379 -0.924179
v 0.344502 4.519836 -0.988823
v 0.331272 4.611633 -0.946457
v -0.203731 4.541077 -0.951988
v 0.33128 4.601379 -0.924179
v -0.204164 4.554474 -0.972519
v -0.423115 4.504883 -0.938446
v -0.422691 4.427094 -1.003517
v -0.418205 4.487122 -0.925018
v -0.422428 4.438446 -1.028267
v -0.418205 4.487122 -0.925018
v -0.423115 4.504883 -0.938446
v -0.408638 4.307495 -1.053299
v -0.409306 4.316711 -1.076042
v 0.35902 4.410706 -1.007805
v 0.376026 4.2724 -1.042702
v 0.376576 4.278412 -1.06646
v 0.35957 4.416748 -1.031578
v -0.360065 3.954132 -1.150513
v -0.394115 4.175507 -1.08429
v -0.393368 4.180084 -1.108376
v -0.360813 3.949554 -1.126442
v 0.403637 4.037109 -1.11058
v 0.402885 4.032623 -1.086472
v -0.418205 4.487122 -0.925018
v -0.422691 4.427094 -1.003517
v -0.203731 4.541077 -0.951988
v 0.344505 4.509552 -0.966545
v 0.33128 4.601379 -0.924179
v -0.408638 4.307495 -1.053299
v 0.35902 4.410706 -1.007805
v 0.376026 4.2724 -1.042702
v -0.394115 4.175507 -1.08429
v -0.360813 3.949554 -1.126442
v 0.402885 4.032623 -1.086472
v 0.130175 4.187164 -1.129051
v 0.360394 4.325775 -1.090523
v 0.360458 4.183136 -1.118484
v 0.119865 4.325806 -1.102829
v -0.389633 4.3172 -1.115517
v -0.384922 4.17749 -1.140167
v 0.364914 4.470215 -1.057495
v 0.056751 4.488647 -1.064766
v -0.395309 4.487701 -1.078987
v -0.385483 4.173798 -1.11692
v -0.39035 4.312836 -1.089813
v -0.389633 4.3172 -1.115517
v -0.384922 4.17749 -1.140167
v 0.056751 4.488647 -1.064766
v -0.395309 4.487701 -1.078987
v 0.055929 4.483093 -1.040909
v -0.39611 4.485474 -1.051697
v 0.361935 4.320343 -1.065514
v 0.364914 4.470215 -1.057495
v 0.363842 4.464783 -1.033607
v 0.360394 4.325775 -1.090523
v 0.363842 4.464783 -1.033607
v 0.364914 4.470215 -1.057495
v 0.360458 4.183136 -1.118484
v 0.35928 4.178467 -1.094421
v -0.395309 4.487701 -1.078987
v -0.39611 4.485474 -1.051697
v 0.363842 4.464783 -1.033607
v 0.118563 4.31665 -1.076637
v 0.361935 4.320343 -1.065514
v 0.055929 4.483093 -1.040909
v -0.385483 4.173798 -1.11692
v -0.39035 4.312836 -1.089813
v 0.12132 4.175629 -1.103043
v -0.39611 4.485474 -1.051697
v 0.35928 4.178467 -1.094421
v 0.130556 4.0224 -1.133919
v 0.369865 4.024994 -1.141129
v -0.38443 4.010712 -1.14019
v 0.368515 4.021423 -1.120308
v 0.369865 4.024994 -1.141129
v -0.38443 4.010712 -1.14019
v -0.384216 4.012634 -1.116035
v 0.121088 4.022583 -1.107368
v 0.368515 4.021423 -1.120308
v -0.384216 4.012634 -1.116035
vn -1 -1E-05 1E-05
vn -0.99084 0.1348 -0.00761
vn -1 -2E-05 0
vn -0.99106 0.12602 -0.04378
vn 0 -0.95105 0.30905
vn 0 -1 -0
vn 0 -0.95105 0.30905
vn -1 1E-05 2E-05
vn -0.99257 0.09568 -0.0752
vn 0 -0.80903 0.58776
vn 0 -0.80903 0.58776
vn -1 8E-05 -1E-05
vn -0.99728 0.04291 -0.0599
vn 0 -0.59867 0.80099
vn -1 0.00019 -0.00016
vn -0.9997 0.00808 -0.02334
vn 0 -0.324 0.94606
vn 0 -0.21117 0.97745
vn 0 -0.74533 0.66669
vn 0 -0.74533 0.66669
vn -0.07797 0.00512 0.99694
vn -0 0.00494 0.99999
vn -0.06797 0.00509 0.99768
vn 0 0.99769 -0.06798
vn -0.00709 0.99766 -0.06798
vn 0 0.99769 -0.06798
vn -1 7E-05 0.00028
vn -0.99904 -0.04299 0.00815
vn -1 2E-05 0.00056
vn -0.98442 -0.16216 0.06805
vn -0.11519 0.3838 -0.9162
vn -0 0.44987 -0.89309
vn -0.07396 0.41099 -0.90863
vn -1 -3E-05 8E-05
vn -0.9719 -0.18945 0.13973
vn -0.97037 -0.14145 0.19589
vn -1 -4E-05 6E-05
vn -0.97122 -0.06339 0.22961
vn -1 0.00021 5E-05
vn -0.97058 0.00563 0.24073
vn -1 0.0001 9E-05
vn -0.97248 0.08103 0.21846
vn -1 -2E-05 0.0001
vn -1 -0.00017 0.00053
vn -1 -0.00011 0.00014
vn -1 -0.00014 0.00026
vn -0.98957 0.11902 0.08111
vn -0.98017 0.11846 0.15887
vn 0 -0.87791 -0.47882
vn -0.01617 -0.81036 -0.58571
vn 0 -0.81047 -0.58578
vn -0.00728 -0.87788 -0.47882
vn -1 -3E-05 0
vn -0.99117 0.12753 0.0363
vn 0 -0.96242 -0.27156
vn -1 0.00011 -0.00052
vn -1 0.00031 -0.00029
vn -0.68274 -0.60075 0.4159
vn -0.67756 -0.58134 0.45051
vn -0.65365 -0.58869 0.47559
vn -0.68294 -0.60254 0.41296
vn -0.71547 -0.66866 0.2025
vn -0.68334 -0.72952 0.02913
vn -0.5887 -0.8082 -0.0159
vn -0.69838 -0.64165 0.3171
vn -0.49108 -0.83549 -0.24657
vn -0.57896 -0.78402 -0.22388
vn -0.5394 -0.71181 -0.44986
vn -0.43844 -0.76306 -0.47488
vn -0.57564 -0.5136 -0.63628
vn -0.43597 -0.58018 -0.68798
vn -0.44852 -0.33648 -0.82802
vn -0.58967 -0.2878 -0.75462
vn -0.46544 -0.00925 -0.88503
vn -0.59152 -0.00808 -0.80625
vn -0.66825 0.18788 -0.71982
vn -0.53208 0.15893 -0.83164
vn -0.71073 0.29757 -0.63743
vn -0.7697 0.39759 -0.49948
vn -0.51187 0.00554 0.85905
vn -0.51187 0.00554 0.85905
vn -0.59632 -0.60263 0.53033
vn -0 0.7913 0.61143
vn -0.08397 0.98998 0.11354
vn -0.02335 0.7927 0.60917
vn -0 0.99328 0.11576
vn -0.49355 0.82775 0.26691
vn -0.62197 0.78292 0.01362
vn -0.02857 0.20935 -0.97742
vn -0.05647 0.29931 -0.95248
vn -0.06132 0.30323 -0.95094
vn -0 0.16185 -0.98682
vn -0.0166 0.17152 -0.98504
vn -0.24357 0.29156 -0.92502
vn -0.91791 0.02384 0.39607
vn -1 0 0
vn -0.90956 -0.10218 0.40281
vn -1 -0.00042 4E-05
vn -0.89086 0.35657 -0.28148
vn -0.75157 0.42645 -0.50328
vn -1 -0.00012 6E-05
vn -0.9153 0.38045 -0.13224
vn -0.90278 0.42941 -0.02421
vn -0.95777 0.27657 0.07871
vn -0.95501 0.24607 0.16555
vn -1 -3E-05 2E-05
vn -0.92415 0.22694 0.30731
vn -0.92021 0.13607 0.36701
vn -0.92431 -0.22115 0.31105
vn -0.90449 -0.34442 0.25153
vn -0.78798 -0.55756 0.26118
vn -0.46648 -0.87731 -0.11281
vn -0.43843 -0.86278 -0.25177
vn -0.41435 0.12441 -0.90158
vn -0.39849 -0.00188 -0.91717
vn -0.36444 -0.33796 -0.86774
vn -0.35646 -0.60452 -0.71239
vn -0.38391 -0.78674 -0.48337
vn -0.77146 0.4582 -0.44148
vn 0 -0.21117 0.97745
vn 0 -0.74533 0.66669
vn 0.07797 0.00512 0.99694
vn 0.06797 0.00509 0.99768
vn 0.00709 0.99766 -0.06798
vn 0.11519 0.3838 -0.9162
vn 0.07396 0.41099 -0.90864
vn 0.01617 -0.81036 -0.5857
vn 0.00728 -0.87788 -0.47882
vn 0.51184 0.00554 0.85906
vn 0.08282 0.98993 0.1148
vn 0.02335 0.79269 0.60917
vn 0.49349 0.82779 0.2669
vn 0.62148 0.78331 0.01371
vn 0.02858 0.20935 -0.97742
vn 0.06132 0.30322 -0.95095
vn 0.05648 0.2993 -0.95249
vn 0.0166 0.17152 -0.98504
vn 0.24359 0.29154 -0.92502
vn -0.99995 0.00358 0.00948
vn -0.99999 0.0028 0.00218
vn -0.99449 0.01363 0.10393
vn -1 -1E-05 0.0006
vn -0.77616 0.47001 -0.42031
vn -1 0.00277 0.00185
vn -0.12581 0.99205 0.0021
vn -0.62366 0.78162 0.01081
vn -0 1 -0.0001
vn 0.12159 0.99258 0.00203
vn 0.62318 0.782 0.01084
vn -0.45566 0.71888 -0.52496
vn -0.44723 0.66214 -0.60129
vn -0.44728 0.66242 -0.60095
vn -0.44299 0.49905 -0.74478
vn -0.44296 0.49357 -0.74844
vn -0.42661 0.24128 -0.87166
vn -0.42465 0.22489 -0.87698
vn -0.41163 -0.05448 -0.90972
vn -0.41147 -0.04443 -0.91034
vn -0.40221 -0.2912 -0.868
vn -0.40118 -0.30114 -0.86508
vn -0.39466 -0.35584 -0.84712
vn 1 -1E-05 2E-05
vn 1 -2E-05 1E-05
vn 1 -1E-05 2E-05
vn 1 -2E-05 2E-05
vn 0.99972 -0.00988 -0.02145
vn 0.99896 0.01019 -0.04438
vn 0.99929 -0.02714 -0.02608
vn 1 2E-05 0
vn 1 2E-05 0
vn 0.99911 -0.03403 -0.02504
vn 1 9E-05 -1E-05
vn 1 8E-05 -1E-05
vn 0.99992 0.01243 0.00047
vn 0.99962 0.0105 0.02554
vn 0.99992 0.01059 0.00609
vn 1 0.00019 -0.00016
vn 1 0.0002 -3E-05
vn 0.5106 -0.83484 0.20574
vn 0.51058 -0.64357 0.5702
vn 0.51058 -0.6436 0.57017
vn 0.5106 -0.83484 0.20574
vn 0.99956 -0.02659 0.01341
vn 0.99978 -0.0159 0.01375
vn 0.99956 -0.02592 0.01448
vn 0.99984 -0.01382 0.01088
vn 0.51061 -0.83484 -0.20574
vn 0.51061 -0.83484 -0.20574
vn 0.99946 -0.03236 0.00536
vn 0.99958 -0.02741 -0.00885
vn 0.9995 -0.0316 0.00303
vn 0.51047 -0.30493 0.80402
vn 0.51047 -0.30493 0.80402
vn 0.99449 0.01363 0.10393
vn 0.99994 0.00208 0.01082
vn 0.4995 -0.76711 -0.40254
vn 0.99554 -0.09342 0.01339
vn 0.51035 0.10359 0.8537
vn 0.51035 0.10365 0.8537
vn 0.76411 0.45543 -0.45685
vn 0.7597 0.49071 -0.42669
vn 0.74774 0.52076 -0.41194
vn 0.76239 0.47909 -0.43501
vn 0.51044 -0.30495 -0.80403
vn 0.49938 -0.49213 -0.71305
vn 0.51044 -0.30492 -0.80404
vn 1 -0.00026 0.0001
vn 1 -0.00021 0.00023
vn 1 0.00016 0.00051
vn 0.51031 0.48856 0.70774
vn 0.51031 0.48852 0.70776
vn 1 7E-05 0.00021
vn 1 6E-05 0.00019
vn 0.51039 0.10362 -0.85368
vn 0.51039 0.10369 -0.85367
vn 1 -4E-05 0.00011
vn 1 -4E-05 0.00011
vn 0.45566 0.7189 -0.52494
vn 0.44722 0.66215 -0.60129
vn 0.44727 0.66243 -0.60095
vn 0.51043 0.76143 0.3996
vn 0.51043 0.76141 0.39964
vn 1 -6E-05 8E-05
vn 1 -7E-05 9E-05
vn 0.44298 0.49905 -0.7448
vn 0.44295 0.49357 -0.74845
vn 0.51037 0.48853 -0.70772
vn 0.51037 0.48849 -0.70775
vn 1 0.00022 5E-05
vn 1 0.00017 5E-05
vn 0.42659 0.24128 -0.87167
vn 0.42463 0.22489 -0.87699
vn 0.51051 0.85987 -0
vn 0.51051 0.85987 -0
vn 1 0.00018 9E-05
vn 1 8E-05 0.00012
vn 0.41146 -0.04442 -0.91034
vn 0.41163 -0.05448 -0.90972
vn 0.51046 0.76141 -0.39961
vn 0.51046 0.76141 -0.39962
vn 1 -5E-05 0.00014
vn 1 -2E-05 0.00013
vn 0.40222 -0.29119 -0.868
vn 0.40119 -0.30113 -0.86508
vn 1 -0.00023 0.00044
vn 1 -0.00013 0.00029
vn 1 -0.0001 0.00014
vn 0.39468 -0.35583 -0.84712
vn 0.99985 0.01738 -0.00196
vn 1 -0.00012 0.00017
vn 1 -9E-05 0.00025
vn 1 0 -0
vn 1 -0 0
vn 1 -0 0
vn 1 -4E-05 -1E-05
vn 0.99993 0.00653 0.00967
vn 1 0.00031 -0.00029
vn 1 0.00011 -0.00052
vn 0.99903 -0.03473 -0.02717
vn 0.9987 -0.03864 -0.03311
vn 0.99856 0.01502 -0.05159
vn 0.99951 0.01758 -0.02587
vn 0.99847 0.01707 -0.0526
vn 0.99855 0.01649 -0.05124
vn 0.99921 0.02162 -0.03344
vn 0.68269 -0.60079 0.41592
vn 0.65363 -0.58871 0.47559
vn 0.67752 -0.58137 0.45053
vn 0.68289 -0.60258 0.41298
vn 0.68334 -0.72952 0.02915
vn 0.71542 -0.6687 0.20252
vn 0.58866 -0.80822 -0.01589
vn 0.69833 -0.64169 0.31711
vn 0.49106 -0.8355 -0.24656
vn 0.57903 -0.78397 -0.22384
vn 0.53953 -0.71174 -0.44982
vn 0.43842 -0.76306 -0.47489
vn 0.57575 -0.51354 -0.63622
vn 0.43595 -0.58019 -0.68799
vn 0.4485 -0.33649 -0.82803
vn 0.58977 -0.28778 -0.75455
vn 0.46541 -0.00924 -0.88504
vn 0.59157 -0.00806 -0.80621
vn 0.66826 0.18787 -0.71982
vn 0.53205 0.15892 -0.83167
vn 0.71072 0.29753 -0.63746
vn 0.71956 0.58172 -0.37925
vn 0.59635 -0.60264 0.53027
vn 1 -0.00035 2E-05
vn 0.52742 -0.75232 0.39478
vn 0.52738 -0.84963 -0
vn 0.52738 -0.84963 -0
vn 0.52742 -0.75231 0.3948
vn 0.52745 -0.75231 -0.39475
vn 0.52745 -0.75228 -0.39482
vn 0.52746 -0.48266 -0.69916
vn 0.52746 -0.48268 -0.69915
vn 0.52742 -0.1024 -0.84341
vn 0.52742 -0.10235 -0.84342
vn 0.52732 0.30138 -0.79442
vn 0.52732 0.30133 -0.79444
vn 0.52739 0.63599 -0.56336
vn 0.52739 0.63597 -0.56338
vn 0.52743 0.82492 -0.20328
vn 0.52743 0.82493 -0.20326
vn 0.52741 0.82494 0.20326
vn 0.52741 0.82493 0.2033
vn 0.5162 0.7584 0.39796
vn 0.5162 0.7584 0.39796
vn 0.51621 0.48655 0.70484
vn 0.52743 0.30125 0.7944
vn 0.52743 0.3013 0.79438
vn 0.52748 -0.10243 0.84337
vn 0.52748 -0.10239 0.84337
vn 0.52746 -0.48258 0.69922
vn 0.52746 -0.48261 0.69919
vn 1 -0.00035 6E-05
vn 1 -0.00084 -0.00015
vn 1 -0.00042 3E-05
vn 1 -9E-05 9E-05
vn 1 -0.00022 0.00012
vn 1 -0.00011 0.00013
vn 1 -6E-05 8E-05
vn 1 -1E-05 3E-05
vn 1 -2E-05 4E-05
vn 1 3E-05 -2E-05
vn 1 0 0
vn 1 -0 0
vn 0.46643 -0.87734 -0.1128
vn 0.43836 -0.86282 -0.25178
vn 0.68595 0.23291 -0.68936
vn 0.64829 0.44288 -0.61934
vn 0.63049 0.50195 -0.59205
vn 0.62067 0.61559 -0.48561
vn 0.6206 0.6164 -0.48467
vn 0.61495 0.74489 -0.25879
vn 0.61496 0.74486 -0.25888
vn 0.61426 0.78785 -0.04447
vn 0.61426 0.78785 -0.04457
vn 0.61475 0.75865 0.21571
vn 0.61475 0.75861 0.21586
vn 0.60418 0.6612 0.44472
vn 0.60386 0.65927 0.44802
vn 0.5659 0.49347 0.66049
vn 0.56502 0.49013 0.66372
vn 0.53447 0.29412 0.79236
vn 0.53444 0.2938 0.7925
vn 0.5339 0.0508 0.84402
vn 0.5378 0.01921 0.84286
vn 0.56416 -0.20301 0.80032
vn 0.56575 -0.2199 0.79471
vn 0.58996 -0.46786 0.65806
vn 0.59042 -0.47249 0.65434
vn 0.60031 -0.6437 0.47463
vn 0.60035 -0.64584 0.47166
vn 0.60155 -0.73697 0.30824
vn 0.5982 -0.72568 0.33992
vn 0.60783 -0.78179 0.13909
vn 0.4143 0.12442 -0.9016
vn 0.39844 -0.00188 -0.9172
vn 0.36437 -0.33797 -0.86776
vn 0.35639 -0.60454 -0.71241
vn 0.38384 -0.78677 -0.48339
vn 0.99993 -0.00824 0.0083
vn 0.9998 0.01871 -0.00735
vn -0.00984 0.98899 0.14764
vn -0.00495 0.99126 0.13181
vn -0.00515 0.99118 0.13244
vn 0.00382 0.9911 0.13305
vn 0.00374 0.99112 0.13293
vn 0.01574 0.98843 0.15085
vn -0.00592 0.1133 -0.99354
vn -0.00592 0.11442 -0.99342
vn -0.0061 0.60568 -0.79569
vn -0.0061 0.60568 -0.79569
vn -0.00563 -0.01068 -0.99993
vn -0.08252 -0.93603 -0.34212
vn 0.09545 -0.93906 -0.33023
vn -0.09528 -0.93893 -0.33066
vn 0.08347 -0.93633 -0.34106
vn -0.04184 0.04503 0.99811
vn 0.60971 0.03574 0.79182
vn 0.90977 0.01873 0.41469
vn 0.53807 0.038 0.84204
vn -0.9914 0.11464 0.06317
vn -0.99624 0.07983 0.03373
vn -0.99954 0.02864 -0.00944
vn -0.61361 0.03558 0.7888
vn -0.54344 0.03783 0.83859
vn -0.92018 0.01764 0.39109
vn 0.03092 0.04507 0.9985
vn 0.99707 0.07362 0.02058
vn 0.99522 0.08906 0.04009
vn 0.99869 0.0504 -0.00869
vn 0.02498 -0.83328 0.55228
vn 0.05008 -0.99665 -0.06472
vn 0.02312 -0.98795 0.15306
vn -0.05798 -0.9957 -0.0723
vn -0.01855 -0.82711 0.56174
vn -0.01999 -0.98863 0.14902
vn 0.00587 -0.16401 0.98644
vn 0.00587 -0.15923 0.98722
vn 0.00555 -0.01153 0.99992
vn -0.06693 -0.94966 0.30604
vn 0.06806 -0.94773 0.31174
vn -0.05986 -0.94838 0.31144
vn 0.07519 -0.94899 0.3062
vn -0.99933 -0.00621 -0.03612
vn -0.99936 -0.00464 -0.03536
vn -0.99938 -0.00379 -0.03494
vn 0.99915 0.01276 -0.03929
vn 0.99918 0.01642 -0.0371
vn 0.99904 0.00605 -0.04331
vn -0.00644 0 -0.99998
vn 0.99614 0 0.08776
vn -0.99698 0 0.07765
vn 0.00664 0 0.99998
vn -0.00013 -0.9902 0.13966
vn -0.00012 -0.9902 0.13966
vn 0.00121 -0.9902 0.13966
vn -1E-05 -0.9902 0.13967
vn -0 -0.9902 0.13967
vn 0.00216 0.99821 -0.05975
vn 0.34199 0.92639 -0.1576
vn 0.00217 0.97466 -0.22366
vn 0.34746 0.93144 -0.1081
vn 0.99944 0.00468 0.03313
vn 0.99906 -0.00605 -0.04287
vn 0.99944 0.00467 0.03311
vn 0.99906 -0.00606 -0.04288
vn 0.3459 0.89316 0.28742
vn 0.01862 0.85958 0.51066
vn -0.01565 -0.1398 -0.99006
vn 0.01565 -0.1398 -0.99006
vn 0.01565 -0.1398 -0.99006
vn -0.01565 -0.1398 -0.99006
vn 1E-05 -0.9902 0.13967
vn -0.01536 0.1398 0.99006
vn 0.01536 0.1398 0.99006
vn 0.91835 -0.05534 -0.39187
vn 0.91835 -0.05535 -0.39187
vn 0.36036 0.1304 0.92365
vn 0.39572 -0.1284 -0.90935
vn 0.94945 0.04388 0.31083
vn -0.00217 0.97466 -0.22366
vn -0.00216 0.99821 -0.05975
vn 0.65658 0.74358 -0.12644
vn 0.37092 0.76718 -0.5233
vn 0.65864 0.74702 -0.09024
vn 0.02153 0.65272 -0.75729
vn -0.02153 0.65272 -0.75729
vn -0.01862 0.85958 0.51066
vn 0.00012 -0.9902 0.13966
vn 0.00013 -0.9902 0.13966
vn -0.00121 -0.9902 0.13966
vn -0.34201 0.92639 -0.1576
vn -0.34748 0.93144 -0.1081
vn -0.99906 -0.00605 -0.04286
vn -0.99944 0.00468 0.03311
vn -0.99944 0.00467 0.03309
vn -0.99906 -0.00606 -0.04287
vn -0.3459 0.89316 0.28742
vn -0.9184 -0.05533 -0.39178
vn -0.36036 0.1304 0.92365
vn -0.39572 -0.1284 -0.90935
vn -0.94949 0.04387 0.31073
vn -0.37093 0.76718 -0.5233
vn -0.65664 0.74353 -0.12643
vn -0.6587 0.74697 -0.09024
vn -1 1E-05 -9E-05
vn -0.99998 -0.00226 -0.00529
vn -0.99998 -0.00212 -0.00498
vn -0.99919 -0.00716 -0.03958
vn -0.99916 -0.00726 -0.04042
vn -0.9918 -0.018 -0.12657
vn 0 -0.06872 -0.99764
vn 0 0.70547 -0.70874
vn 0 0.92161 -0.38812
vn 0 0.92161 -0.38812
vn 0 0.9663 -0.25744
vn 0 -0.685 0.72854
vn 0 -0.8971 0.44182
vn 0 -0.97077 0.24
vn 0 -0.99071 0.13602
vn 1 1E-05 -0.0001
vn 0.99998 -0.00211 -0.00498
vn 0.99998 -0.00224 -0.00529
vn 0.99919 -0.00714 -0.03958
vn 0.99916 -0.00725 -0.04042
vn 0.9918 -0.01799 -0.12656
vn -0.15117 -0.49012 -0.85844
vn 0 -0.3872 -0.922
vn 0 -0.49768 -0.86736
vn -0.20999 -0.35935 -0.90927
vn 0 -0.06829 -0.99766
vn -0.25317 -0.06291 -0.96538
vn -0.2717 0.24869 -0.9297
vn 0 0.25611 -0.96665
vn 0 0.55241 -0.83357
vn -0.28146 0.53367 -0.79748
vn -0.24066 0.7569 -0.6076
vn 0 0.78148 -0.62393
vn 0 0.85635 -0.5164
vn -0.1381 0.84658 -0.51402
vn -0.7507 0.55449 -0.35915
vn -0.80366 0.46632 -0.36971
vn -0.8657 0.27814 -0.41618
vn -0.86457 0.12183 -0.48752
vn -0.8508 -0.03388 -0.52439
vn -0.77214 -0.24168 -0.58771
vn -0.70201 -0.34249 -0.6244
vn 0.15118 -0.49012 -0.85844
vn 0.21 -0.35934 -0.90927
vn 0.25318 -0.06291 -0.96537
vn 0.27171 0.24869 -0.92969
vn 0.28148 0.53367 -0.79748
vn 0.24068 0.7569 -0.6076
vn 0.1381 0.84659 -0.51402
vn 0.75077 0.55444 -0.35909
vn 0.80371 0.46626 -0.36966
vn 0.86572 0.27809 -0.41617
vn 0.86456 0.12182 -0.48754
vn 0.85078 -0.03387 -0.52442
vn 0.77208 -0.2417 -0.58777
vn 0.70192 -0.34253 -0.62448
vn 0.00136 0.98836 -0.15209
vn 0.00136 0.98837 -0.15209
vn -0.01289 0.00062 -0.99992
vn -0.99125 0.13134 -0.01326
vn -0.99125 0.13134 -0.01326
vn 0.98571 0.16507 -0.0335
vn 0.01522 0.30965 0.95073
vn 0.01522 0.30965 0.95073
vn 0.00136 0.98836 -0.1521
vn -0.99125 0.13134 -0.01326
vn 0.98571 0.16508 -0.0335
vn 0.01522 0.30965 0.95073
vn 0.00136 0.98836 -0.15209
vn -0.99125 0.13135 -0.01327
vn 0.98571 0.16507 -0.0335
vn 0.01522 0.30965 0.95073
vn -0.99125 0.13134 -0.01327
vn 0.00146 0.98842 -0.15173
vn -0.01309 0.00061 -0.99991
vn -0.99126 0.13129 -0.01325
vn -0.99126 0.13129 -0.01325
vn 0.98572 0.16505 -0.03343
vn 0.01526 0.30961 0.95074
vn 0.00146 0.98842 -0.15173
vn -0.99126 0.13128 -0.01323
vn 0.98572 0.16506 -0.03342
vn 0.01526 0.30961 0.95074
vn 0.00136 0.98836 -0.1521
vn -0.01289 0.00062 -0.99992
vn -0.99125 0.13134 -0.01327
vn 0.98572 0.16503 -0.03346
vn 0.01529 0.30957 0.95076
vn -0.99125 0.13133 -0.01326
vn -0.99125 0.13133 -0.01326
vn 0.98572 0.16503 -0.03346
vn 0.01529 0.30957 0.95076
vn 0.00146 0.98842 -0.15173
vn -0.99126 0.13128 -0.01323
vn 0.98572 0.16508 -0.03341
vn 0.01526 0.30961 0.95074
vn 0.00811 0.04931 -0.99875
vn -0 0.04953 -0.99877
vn 0.00921 0.04883 -0.99876
vn 0.01212 0.04751 -0.9988
vn 0.0121 0.04751 -0.9988
vn 0.01202 0.0475 -0.9988
vn 0.01201 0.0475 -0.9988
vn 0.01214 0.04753 -0.9988
vn 0.01217 0.04754 -0.9988
vn 0.01219 0.04752 -0.9988
vn 0.01218 0.04753 -0.9988
vn 0.01226 0.04747 -0.9988
vn 0.01226 0.04746 -0.9988
vn 0.01223 0.04754 -0.9988
vn 0.01221 0.04754 -0.9988
vn 0.00933 0.04701 -0.99885
vn 0.00888 0.04692 -0.99886
vn 0 0.04682 -0.9989
vn -0.03275 0.91014 -0.41301
vn 0 0.91362 -0.40656
vn -0.04618 0.90828 -0.41582
vn -0 -0.85872 -0.51245
vn -0.03657 -0.85266 -0.52119
vn -0.05306 -0.84933 -0.52519
vn -0.248 -0.79007 -0.5606
vn -0.58228 -0.58784 -0.5616
vn -0.74254 -0.39367 -0.5419
vn -0.7314 -0.41023 -0.54476
vn -0.8964 0.00597 -0.44321
vn -0.89731 0.01302 -0.44121
vn -0.89665 0.04367 -0.44058
vn -0.89506 0.05429 -0.44262
vn -0.73727 0.45913 -0.49561
vn -0.71862 0.48648 -0.49692
vn -0.54846 0.67867 -0.48846
vn -0.2349 0.86325 -0.4468
vn 0.02215 -0.22777 -0.97346
vn 0 -0.05824 -0.9983
vn 0.05864 -0.05175 -0.99694
vn -0 -0.22779 -0.97371
vn 0.16599 -0.2112 -0.96325
vn 0.15998 0.3293 -0.93058
vn 0.23853 0.24193 -0.94052
vn 0.05317 0.1516 -0.98701
vn 0.3134 0.00301 -0.94962
vn 0.10663 0.0407 -0.99346
vn 0.31216 0.07481 -0.94708
vn 0.25029 -0.14161 -0.95776
vn 0.01555 0.34963 -0.93676
vn -0 0.34986 -0.9368
vn -0 0.16313 -0.9866
vn -0 0.04188 -0.99912
vn 0.0512 0.99177 -0.11737
vn 0.04353 0.98999 -0.13428
vn 0 0.99351 -0.11376
vn 0 0.99151 -0.13006
vn 0.30394 0.93996 -0.15522
vn 0.30465 0.94286 -0.13491
vn 0.80946 0.56641 -0.15476
vn 0.81376 0.55385 -0.17621
vn 0.632 0.76022 -0.15048
vn 0.62929 0.75789 -0.17205
vn 0.98998 0.03854 -0.13585
vn 0.98756 0.03387 -0.15353
vn 0.9902 -0.02192 -0.13791
vn 0.9878 -0.01453 -0.15505
vn 0.94338 -0.29002 -0.16104
vn 0.93897 -0.28522 -0.19231
vn 0.5098 -0.82748 -0.23533
vn 0.7044 -0.68404 -0.18948
vn 0.51777 -0.83302 -0.19492
vn 0.6969 -0.67924 -0.23014
vn 0.0676 -0.98141 -0.17964
vn 0.05857 -0.97552 -0.21199
vn 0 -0.98428 -0.17661
vn 0 -0.9785 -0.20627
vn 0.04781 0.99886 0
vn 0 1 0
vn 0.30612 0.95199 0
vn 0.81842 0.57443 -0.0145
vn 0.64245 0.76633 0
vn 0.99804 0.02712 -0.05634
vn 0.99794 -0.02847 -0.05756
vn 0.9512 -0.30454 -0.04968
vn 0.53051 -0.84614 -0.051
vn 0.72091 -0.69149 -0.04614
vn 0.06611 -0.99564 -0.06574
vn 0 -0.99767 -0.06819
vn 0.01287 -0.00665 -0.9999
vn 0.02605 -0.00071 -0.99966
vn 0.0149 -0.00939 -0.99984
vn 0.00195 -0.02994 -0.99955
vn -0.00216 -0.04234 -0.9991
vn 0 0 -1
vn 0.00018 -6E-05 -1
vn 0.01068 -0.00027 -0.99994
vn 0.02542 -0.00062 -0.99968
vn 0 -0.78112 -0.62438
vn 0.00024 -0.78112 -0.62438
vn -0.00034 1 5E-05
vn -0.00034 1 5E-05
vn -0.0006 1 -1E-05
vn 0.23881 0.0001 -0.97107
vn 0.24031 -0.00024 -0.9707
vn 0.14097 -0.00077 -0.99001
vn 0.07617 0.00648 -0.99707
vn 0.99996 0.00211 0.00899
vn 1 0.0009 0.00177
vn 0.99995 0.00186 0.0096
vn 1 0.00077 -2E-05
vn 1 8E-05 -2E-05
vn 0.00074 -0.99837 -0.05703
vn -0 -0.96262 -0.27085
vn -0 -0.99836 -0.05721
vn 0.01142 -0.91013 -0.41417
vn -0.00011 -0.9987 -0.05107
vn 0 1 5E-05
vn 0 0.12411 -0.99227
vn 0.01466 -0.00013 -0.99989
vn 0 -1E-05 -1
vn 0.85199 0.00021 -0.52356
vn 0.64057 -0.00022 -0.7679
vn 0.78276 -3E-05 -0.62232
vn 0.63968 0.00233 -0.76864
vn 0.99877 0.00865 -0.04874
vn 0.99862 0.00102 -0.05249
vn 0.99977 0.00111 0.02143
vn 0.99972 0.0094 0.02158
vn 0.95454 0.00079 0.29807
vn 0.96064 0.00879 0.27767
vn 0.03362 -8E-05 0.99944
vn 0.56142 -0.00053 0.82753
vn 0.57181 -0.00086 0.82038
vn 0.03444 4E-05 0.99941
vn 0 0.00011 1
vn 0 0 1
vn 0.73408 -0.00032 0.67906
vn 0.74364 -0.00083 0.66858
vn 0.00272 1 -0.00026
vn 0 1 0
vn 0.00275 1 2E-05
vn 0.00326 1 -0.00026
vn 0.00324 1 2E-05
vn 0.68804 0.00042 -0.72567
vn 0.99854 -0.00897 -0.05337
vn 0.80519 -0.00567 -0.59299
vn 0.99972 -0.00906 0.02208
vn 0.95354 -0.00949 0.3011
vn 0.56044 -0.00744 0.82816
vn 0.73229 -0.00676 0.68096
vn 0.03488 -0.00791 0.99936
vn 0 -0.00789 0.99997
vn 0.0267 -0.79504 -0.60597
vn 0.45609 -0.83069 -0.31928
vn 0.03003 -0.95862 -0.2831
vn -0 -0.99966 0.0262
vn 0.00362 -0.99999 -0.00043
vn 0.00208 -0.99963 0.02726
vn -0 -0.99975 -0.02236
vn 0.11248 -0.99303 0.03529
vn 0.31343 -0.94961 -0.00367
vn 0.42289 -0.90615 0.00753
vn 0.68886 -0.00539 -0.72488
vn 0.77871 -0.46359 -0.42272
vn 0.58525 -0.81073 -0.01441
vn 0.58314 -0.81232 0.0091
vn 0.86769 -0.44736 0.21676
vn 0.89281 -0.45012 0.01686
vn 0.52975 -0.82963 0.17629
vn 0.24833 -0.85758 0.45044
vn 0.02378 -0.84638 0.53205
vn -0 -0.84271 0.53837
vn -0 -0.79653 -0.60459
vn 0.4081 -0.77146 -0.48817
vn 0.89149 -0.45112 -0.04176
vn 0.5288 -0.39623 0.75058
vn 0.685 -0.3925 0.61377
vn 0.03322 -0.38651 0.92168
vn 0 -0.38546 0.92272
vn -0.01071 0.5242 -0.85153
vn -0 0.3044 -0.95254
vn 0.00338 0.00321 -0.99999
vn 0 0.00349 -0.99999
vn 0.02268 0.0031 -0.99974
vn -0.97253 -0.01624 -0.23222
vn -0.97222 -0.01723 -0.23342
vn -0.97229 -0.01703 -0.23317
vn -0.00286 -0.98604 -0.16648
vn -0 -0.98604 -0.16648
vn 0.00242 0.99996 -0.00871
vn 0 0.99996 -0.00871
vn -0 -0.00076 -1
vn -0.0002 -0.00076 -1
vn 0 1 4E-05
vn 0 1 -0.00041
vn -0.00271 0.3629 -0.93182
vn 0 0.3629 -0.93183
vn -0.99945 0.03222 -0.00732
vn -0 0.26452 0.96438
vn -0.00411 0.26452 0.96437
vn -0.00048 0.99994 0.01071
vn 0 0.99994 0.01071
vn -0.95486 -0.06419 -0.29005
vn -0.00574 -0.00961 -0.99994
vn -0 0.01694 -0.99986
vn 0.01393 -0.04253 -0.999
vn -0.00921 0.04883 -0.99876
vn -0.00811 0.04931 -0.99875
vn -0.01212 0.04751 -0.9988
vn -0.0121 0.04751 -0.9988
vn -0.01202 0.0475 -0.9988
vn -0.01201 0.0475 -0.9988
vn -0.01214 0.04753 -0.9988
vn -0.01217 0.04754 -0.9988
vn -0.01218 0.04753 -0.9988
vn -0.01219 0.04752 -0.9988
vn -0.01226 0.04747 -0.9988
vn -0.01226 0.04746 -0.9988
vn -0.01223 0.04754 -0.9988
vn -0.01221 0.04754 -0.9988
vn -0.00933 0.04701 -0.99885
vn -0.00888 0.04692 -0.99886
vn 0.03275 0.91014 -0.41301
vn 0.04618 0.90828 -0.41582
vn 0.03657 -0.85266 -0.52119
vn 0.05306 -0.84933 -0.52519
vn 0.248 -0.79007 -0.5606
vn 0.74254 -0.39367 -0.5419
vn 0.58228 -0.58784 -0.5616
vn 0.7314 -0.41023 -0.54476
vn 0.89731 0.01302 -0.44121
vn 0.8964 0.00597 -0.44321
vn 0.89665 0.04367 -0.44058
vn 0.89506 0.05429 -0.44262
vn 0.73727 0.45913 -0.49561
vn 0.71862 0.48648 -0.49692
vn 0.54846 0.67867 -0.48846
vn 0.2349 0.86325 -0.4468
vn -0.02215 -0.22777 -0.97346
vn -0.05864 -0.05175 -0.99694
vn -0.16599 -0.2112 -0.96324
vn -0.15998 0.3293 -0.93058
vn -0.05317 0.1516 -0.98701
vn -0.23853 0.24193 -0.94052
vn -0.3134 0.00301 -0.94962
vn -0.31216 0.07481 -0.94708
vn -0.10663 0.0407 -0.99346
vn -0.25029 -0.14161 -0.95776
vn -0.01555 0.34963 -0.93676
vn -0.0512 0.99177 -0.11737
vn -0.04353 0.98999 -0.13428
vn -0.47747 0.86269 -0.16669
vn -0.48667 0.86135 -0.14573
vn -0.62929 0.75789 -0.17205
vn -0.63202 0.76023 -0.15035
vn -0.9269 0.3353 -0.16862
vn -0.98998 0.03854 -0.13585
vn -0.92849 0.34026 -0.14879
vn -0.98756 0.03387 -0.15353
vn -0.9902 -0.02192 -0.13791
vn -0.9878 -0.01453 -0.15505
vn -0.83324 -0.50798 -0.21831
vn -0.83208 -0.52404 -0.18176
vn -0.6969 -0.67924 -0.23014
vn -0.70398 -0.68378 -0.19198
vn -0.3246 -0.92697 -0.18806
vn -0.32113 -0.91898 -0.22881
vn -0.0676 -0.98141 -0.17964
vn -0.05857 -0.97552 -0.21199
vn -0.04781 0.99886 0
vn -0.48953 0.87198 0
vn -0.64245 0.76633 0
vn -0.99804 0.02712 -0.05634
vn -0.92971 0.36733 -0.02676
vn -0.99794 -0.02847 -0.05756
vn -0.84892 -0.52624 -0.04903
vn -0.72091 -0.69149 -0.04614
vn -0.06611 -0.99564 -0.06574
vn -0.33198 -0.94181 -0.05276
vn -0.01287 -0.00665 -0.9999
vn -0.0149 -0.00939 -0.99984
vn -0.02604 -0.00071 -0.99966
vn -0.00195 -0.02994 -0.99955
vn 0.00216 -0.04234 -0.9991
vn -0.00018 -6E-05 -1
vn -0.01068 -0.00027 -0.99994
vn -0 0 -1
vn -0.02542 -0.00062 -0.99968
vn -0.00024 -0.78112 -0.62438
vn 0.00034 1 5E-05
vn 0.0006 1 -1E-05
vn 0.00034 1 5E-05
vn -0.24031 -0.00024 -0.9707
vn -0.14097 -0.00077 -0.99001
vn -0.07616 0.00648 -0.99707
vn -0.23881 0.0001 -0.97107
vn -1 0.0009 0.00177
vn -0.99996 0.00211 0.00899
vn -0.99995 0.00186 0.0096
vn -1 0.00077 -2E-05
vn -1 8E-05 -2E-05
vn -0.00074 -0.99837 -0.05703
vn -0.01142 -0.91013 -0.41417
vn 0.00011 -0.9987 -0.05107
vn -0.01466 -0.00013 -0.99989
vn -0.85199 0.00021 -0.52356
vn -0.64057 -0.00022 -0.7679
vn -0.63968 0.00233 -0.76864
vn -0.78276 -3E-05 -0.62232
vn -0.99877 0.00864 -0.04874
vn -0.99862 0.00102 -0.05249
vn -0.99977 0.00111 0.02143
vn -0.99972 0.0094 0.02158
vn -0.95454 0.00079 0.29807
vn -0.96064 0.00879 0.27767
vn -0.03362 -8E-05 0.99944
vn -0.56142 -0.00053 0.82753
vn -0.03444 4E-05 0.99941
vn -0.57181 -0.00086 0.82038
vn -0.74364 -0.00083 0.66858
vn -0.73408 -0.00032 0.67906
vn -0.00275 1 2E-05
vn -0.00272 1 -0.00026
vn -0.00326 1 -0.00026
vn -0.00324 1 2E-05
vn -0.68804 0.00042 -0.72567
vn -0.99854 -0.00897 -0.05337
vn -0.80519 -0.00567 -0.59299
vn -0.99972 -0.00906 0.02208
vn -0.95354 -0.00949 0.3011
vn -0.56044 -0.00744 0.82816
vn -0.73229 -0.00676 0.68096
vn -0.03488 -0.00791 0.99936
vn -0.0267 -0.79504 -0.60597
vn -0.03003 -0.95862 -0.2831
vn -0.45609 -0.83069 -0.31928
vn -0.00362 -0.99999 -0.00043
vn -0.00208 -0.99963 0.02726
vn -0.11248 -0.99303 0.03529
vn -0.31343 -0.9496 -0.00367
vn -0.42289 -0.90615 0.00753
vn -0.68886 -0.00539 -0.72488
vn -0.77872 -0.46359 -0.42272
vn -0.58525 -0.81073 -0.01441
vn -0.58314 -0.81232 0.0091
vn -0.86769 -0.44736 0.21676
vn -0.89281 -0.45012 0.01686
vn -0.24833 -0.85758 0.45044
vn -0.52976 -0.82963 0.17628
vn -0.02378 -0.84638 0.53205
vn -0.4081 -0.77146 -0.48817
vn -0.89149 -0.45112 -0.04176
vn -0.5288 -0.39623 0.75058
vn -0.685 -0.3925 0.61377
vn -0.03322 -0.38651 0.92168
vn 0.01071 0.5242 -0.85153
vn -0.00338 0.00321 -0.99999
vn -0.02268 0.0031 -0.99974
vn 0.97222 -0.01723 -0.23342
vn 0.97253 -0.01624 -0.23222
vn 0.97229 -0.01703 -0.23317
vn 0.00286 -0.98604 -0.16648
vn -0.00242 0.99996 -0.00871
vn 0.0002 -0.00076 -1
vn 0.00271 0.3629 -0.93182
vn 0.99945 0.03221 -0.00732
vn 0.00411 0.26452 0.96437
vn 0.00048 0.99994 0.01071
vn 0.95486 -0.06419 -0.29004
vn 0.00574 -0.00961 -0.99994
vn -0.01393 -0.04253 -0.999
vn 0.00683 0.99998 0.00182
vn 0.96278 0.27027 -0.00066
vn -0.00511 0.31588 -0.94879
vn -0.00888 0.31069 0.95047
vn -0.93237 0.36148 -0.0051
vn 0.00683 0.99998 0.00182
vn 0.96278 0.27028 -0.00066
vn -0.00511 0.31587 -0.94879
vn -0.00511 0.31587 -0.94879
vn -0.00888 0.31069 0.95047
vn -0.89834 -0.05665 -0.43564
vn -0.29116 -0.12388 -0.94862
vn -0.23262 -0.12596 -0.96438
vn -0.19158 -0.12712 -0.97321
vn -0.99991 -0.00683 0.01121
vn -0.99892 -0.00253 0.04633
vn -0.99861 -0.00197 0.05269
vn -0.99996 -0.00808 0.00372
vn 0.00548 0.0341 0.9994
vn -0.13311 0.04456 0.9901
vn 0.01492 0.03336 0.99933
vn 0.03771 0.01204 0.99922
vn 0.06956 0.02004 0.99738
vn 0.07286 0.02087 0.99712
vn 0.02856 -0.13932 -0.98984
vn -0.23382 -0.93333 0.27242
vn -0.30833 -0.9164 0.25524
vn -0.30793 -0.9165 0.25534
vn 0.21138 0.88641 -0.41181
vn 0.12938 0.88597 -0.44532
vn 0.2176 0.88616 -0.40911
vn -0.3176 -0.91511 0.24838
vn -0.31847 -0.91591 0.24432
vn 0.22332 0.89006 -0.3974
vn 0.22066 0.89321 -0.39176
vn -0.15368 -0.97195 0.17804
vn -0.17333 -0.96834 0.17965
vn -0.16278 -0.97029 0.179
vn -0.18816 -0.96551 0.17998
vn -0.00338 0.97979 -0.20002
vn -0.01027 0.9814 -0.19172
vn -0.00914 0.98082 -0.1947
vn 0.0056 0.97879 -0.20479
vn -0.02317 -0.98976 0.14088
vn -0.03362 -0.99117 0.12826
vn -0.0205 -0.98928 0.14456
vn -0.03541 -0.99137 0.1262
vn 0.99937 -0.01768 0.03091
vn 0.08535 0.99635 -0.00232
vn 0.06833 0.99732 -0.02625
vn 0.07177 0.99712 -0.0247
vn 0.08488 0.99639 -0.00019
vn -0.04889 -0.99388 0.09907
vn -0.04349 -0.99278 0.11182
vn -0.04442 -0.99298 0.10962
vn 0.01564 0.99818 -0.05825
vn 0.00179 0.99724 -0.07428
vn 0.08115 0.99657 0.01645
vn 0.32227 0.15479 0.93391
vn 0.21313 0.16137 0.9636
vn 0.41227 0.14759 0.89902
vn 0.21313 0.16137 0.96361
vn 0.9987 -0.0131 -0.04922
vn 0.99992 -0.00637 -0.01044
vn 0.99822 -0.01396 -0.05802
vn 0.99998 -0.00477 -0.00437
vn 0.14688 -0.04835 -0.98797
vn -0.02587 -0.03958 -0.99888
vn -0.04303 -0.03864 -0.99833
vn -0.09481 -0.02353 -0.99522
vn -0.09225 -0.02196 -0.99549
vn -0.06825 -0.0072 -0.99764
vn 0.97638 0.0231 0.21482
vn -0.80387 -0.10485 -0.5855
vn -0.75072 0.05298 0.65849
vn 0.8196 0.14323 0.55474
vn 0.73224 -0.07244 -0.67718
vn 0 -0.00684 -0.99998
vn 0 -0.85845 -0.5129
vn 0 -0.14061 -0.99006
vn 0 -0.98969 -0.14322
vn 0 0.99995 0.01028
vn 0 0.997 -0.07734
vn 0 0.65999 -0.75127
vn -0.49697 0.79484 -0.34821
vn -0.61652 0.78709 0.01986
vn 1E-05 0.99987 0.0163
vn -0.98629 0.16501 0
vn -0.79793 0.165 0.57972
vn -0.79794 0.165 0.5797
vn -0.50339 0.77278 0.38655
vn -0.79793 0.165 -0.57972
vn -0.79795 0.165 -0.5797
vn -0.3048 0.16499 0.93802
vn -0.30479 0.16499 0.93802
vn -0.20559 0.77589 0.59643
vn -0.18855 0.79699 -0.57382
vn 0.30478 0.16497 0.93803
vn 0.30478 0.16497 0.93802
vn 0.17389 0.79212 0.58507
vn -0.3048 0.16499 -0.93802
vn -0.30479 0.16499 -0.93802
vn 0.79793 0.16498 0.57973
vn 0.79793 0.16498 0.57973
vn 0.4738 0.80286 0.36185
vn 0.18039 0.80137 -0.57032
vn 0.93926 0.15712 0.30512
vn 0.58724 0.80929 0.01403
vn 0.30478 0.16497 -0.93802
vn 0.30478 0.16497 -0.93803
vn 0.79793 0.16498 -0.57973
vn 0.79793 0.16498 -0.57973
vn 0.93926 0.15712 -0.30512
vn 0.47706 0.80931 -0.34268
vn 0 1 0
vn 0 1 -0
vn 0 1 0
vn 0 1 -0
vn -0.78853 -0.12532 -0.6021
vn -0.99341 -0.03795 0.10819
vn -0.95735 -0.08187 -0.27708
vn -0.81619 -0.01085 0.57768
vn -0.78388 0.05064 0.61884
vn -0.03905 0.07701 0.99626
vn -0.38846 0.10451 0.91552
vn 0.37339 0.14835 0.91574
vn 0.80722 0.10156 0.58145
vn 0.79065 0.14976 0.59368
vn 0.99236 0.10032 0.07187
vn 0.97519 0.08344 0.20503
vn 0.93156 0.03238 -0.36215
vn 0.71088 -0.00641 -0.70329
vn 0.70348 -0.01218 -0.71062
vn 0.43648 -0.05842 -0.89782
vn 0.40618 -0.04185 -0.91284
vn -0.34374 -0.12724 -0.9304
vn -0.36794 -0.08879 -0.9256
vn -0.9924 -0.07993 0.09359
vn -0.78664 -0.05122 -0.61528
vn -0.81065 -0.0823 0.57972
vn -0.41714 -0.04454 0.90775
vn 0.37079 0.02221 0.92845
vn 0.80647 0.03195 0.59041
vn 0.97504 0.03642 0.21904
vn 0.78148 0.0111 -0.62383
vn 0.95023 0.04563 -0.3082
vn 0.39036 -0.01062 -0.9206
vn -0.36338 -0.03814 -0.93086
vn -0.62057 -0.78374 0.02554
vn -0.51557 -0.77881 -0.35727
vn -0.62627 -0.77921 -0.02476
vn -0.50411 -0.77949 -0.37185
vn -0.40989 -0.84384 0.3463
vn -0.46392 -0.83403 0.29862
vn -0.18003 -0.87994 0.43966
vn -0.13326 -0.88798 0.44016
vn 0.12325 -0.9176 0.37791
vn 0.14027 -0.91808 0.37074
vn 0.37929 -0.89593 0.2312
vn 0.39434 -0.89242 0.21929
vn 0.50951 -0.85194 0.12082
vn 0.56575 -0.73146 -0.38065
vn 0.62448 -0.74026 -0.24908
vn 0.54356 -0.72514 -0.42274
vn 0.2827 -0.72484 -0.62824
vn 0.22654 -0.73261 -0.64184
vn -0.15085 -0.77206 -0.6174
vn -0.1876 -0.77447 -0.60416
vn -0.9999 -0.01436 -0.00104
vn -0.81757 0.02749 -0.57518
vn -0.81014 0.02809 -0.58557
vn -0.99955 -0.01665 0.02496
vn -0.81499 -0.07321 0.57483
vn -0.79398 -0.07662 0.6031
vn -0.33448 -0.12766 0.93372
vn -0.30907 -0.12972 0.94215
vn 0.28834 -0.16144 0.94382
vn 0.30423 -0.16182 0.93875
vn 0.81245 -0.16115 0.56031
vn 0.80925 -0.1613 0.56489
vn 0.95492 -0.14326 0.25999
vn 0.93693 -0.10002 -0.3349
vn 0.81533 -0.07474 -0.57415
vn 0.79226 -0.07053 -0.6061
vn 0.34454 -0.01052 -0.93871
vn 0.30883 -0.00678 -0.95109
vn -0.29773 0.03278 -0.95409
vn -0.28492 0.03234 -0.95801
vn -0.74687 0.66461 0.02196
vn -0.60259 0.67552 -0.42491
vn -0.60662 0.64416 0.46592
vn -0.23938 0.65201 0.71943
vn 0.20819 0.67898 0.70402
vn 0.56816 0.69741 0.43683
vn 0.7086 0.70545 0.01509
vn 0.58122 0.70148 -0.41243
vn 0.22828 0.68679 -0.69008
vn -0.22842 0.67838 -0.6983
vn -0.99343 0.00333 -0.11438
vn -0.69171 0.00017 -0.72218
vn -0.99451 0.01154 0.104
vn -0.5535 0.00895 0.8328
vn -0.55292 0.00895 0.83319
vn -0.48107 0.00828 0.87664
vn 0 0.00593 -0.99998
vn -0.00077 1 -0.00013
vn -0.00182 1 0.00056
vn 0.00078 1 -0.00116
vn -0.00066 -1 -0.0015
vn 0.00176 -1 -0.00269
vn 0.00034 -1 -0.00199
vn -0.00147 -1 -0.0011
vn -0.0027 1 0.00115
vn 0.00033 0.98839 -0.15191
vn -0.00343 0.00078 -0.99999
vn -0.99125 0.1313 -0.01347
vn 0.98572 0.16507 -0.03322
vn 0.00397 0.30959 0.95086
vn -0.01262 0.0025 -0.99992
vn 0.00282 0.33386 0.94262
vn 0.98412 0.17411 -0.03471
vn 0.03843 -0.06826 -0.99693
vn -0.00074 0.98852 -0.15111
vn -0.00296 0.98837 -0.15204
vn -0.00265 0.98839 -0.15191
vn -0.98849 0.14995 -0.01988
vn 0.96873 0.24245 -0.05265
vn -0.00591 0.98817 -0.15326
vn 0.00061 0.98837 -0.15207
vn -0.0063 0.00087 -0.99998
vn -0.99125 0.13129 -0.01337
vn 0.98571 0.16511 -0.03331
vn 0.00739 0.30944 0.95089
vn 0.00146 0.98842 -0.15173
vn -0.01309 0.00062 -0.99991
vn -0.99125 0.13131 -0.01324
vn 0.98572 0.16503 -0.03345
vn 0.98573 0.165 -0.03342
vn 0.00136 0.98836 -0.15209
vn -0.99126 0.13129 -0.01327
vn 0.98572 0.16501 -0.03347
vn 0.01529 0.30957 0.95075
vn 0.01529 0.30957 0.95075
vn 0.19426 0.9809 0.01025
vn 0.2523 0.96755 -0.01361
vn 0.19631 0.98054 0.00278
vn 0.2516 0.96609 -0.05806
vn 0.01661 0.65192 -0.7581
vn 0.02722 0.6502 -0.75928
vn 0.0291 0.64988 -0.75948
vn 0.57071 0.82096 0.01769
vn 0.24703 0.96895 0.01034
vn 0.56703 0.82249 -0.04455
vn 0.55783 0.81904 -0.13415
vn 0.35549 0.55743 -0.75026
vn 0.35549 0.55743 -0.75026
vn 0.95331 0.02947 -0.30055
vn 0.95044 -0.00303 -0.3109
vn 0.77684 -0.00448 -0.62968
vn 0.78101 -0.02326 -0.62409
vn 0.99517 0.02839 -0.09398
vn 0.99548 0.0018 -0.09499
vn 0.99971 0.00195 0.02411
vn 0.99934 0.0272 0.02418
vn 0.72844 0.156 -0.66711
vn 0.9227 0.20129 -0.3288
vn 0.97053 0.21371 -0.11135
vn 0.97604 0.21624 0.02424
vn -0.0004 0.00224 1
vn -0.0007 0.00222 1
vn -0.00056 0.00224 1
vn 0.04444 0.00738 0.99898
vn -0.0531 -0.07351 0.99588
vn -0.0066 -0.01069 -0.99992
vn -0.00669 -0.01077 -0.99992
vn -0.00662 -0.01071 -0.99992
vn -0.01196 -0.01488 -0.99982
vn -0.00012 -1 -0.0003
vn -0.0001 -1 -0.0003
vn -0.00011 -1 -0.0003
vn 0.00106 -1 -0.0005
vn -0.99125 0.13133 -0.01325
vn -0.02002 0.36794 -0.92963
vn -0.04052 0.50706 -0.86096
vn -0.02599 0.36906 -0.92904
vn -0.01581 0.35454 -0.93491
vn -0.27371 0.6839 -0.67629
vn -0.00698 0.29254 -0.95623
vn -0.00104 0.32535 -0.9456
vn 0.00027 0.21278 -0.9771
vn 0.00027 0.21231 -0.9772
vn 0.00036 0.19171 -0.98145
vn 0.99996 0.00852 0.00322
vn 0.99998 0.00627 0.0027
vn 0.99996 0.00857 0.00324
vn 0.00313 0.87054 0.49209
vn 0.02037 0.84173 0.53951
vn 0.02578 0.83208 0.55405
vn -0.99522 0.01127 0.09701
vn -0.99285 0.07644 0.09172
vn -0.99097 0.09961 0.08974
vn 0.07732 0.72512 0.68427
vn -0.99551 0.08051 0.04982
vn -0.99572 0.07841 0.04894
vn 0.99999 0.00356 0.00126
vn 0.99998 -0.00686 -0.00166
vn 0.99998 -0.00672 -0.00163
vn 1 0.00297 0.00106
vn -0.9997 -0.02376 -0.00527
vn -0.99992 -0.0123 0.00397
vn -0.99991 -0.01269 0.00366
vn 0.99995 -0.00938 -0.00214
vn 0.27135 -0.6712 0.68982
vn 0.03479 -0.47486 0.87937
vn 0.02537 -0.35381 0.93497
vn 0.0178 -0.4203 0.90721
vn 0.01728 -0.34218 0.93948
vn 0.00786 -0.35399 0.93522
vn 0.00703 -0.34319 0.93924
vn -0.00033 -0.21217 0.97723
vn -0.00033 -0.21173 0.97733
vn -0.00031 -0.19161 0.98147
vn 0.00273 0.40988 -0.91214
vn -0.02701 0.43599 -0.89955
vn -0.00811 0.43951 -0.8982
vn 7E-05 0.42686 -0.90432
vn -0.26482 0.7743 -0.57474
vn 0.0187 0.2817 -0.95932
vn 0.01826 0.27911 -0.96008
vn 0.02787 0.20619 -0.97812
vn 0.02793 0.20572 -0.97821
vn 0.03052 0.18526 -0.98222
vn 0.99125 0.12018 0.05461
vn 0.99155 0.11789 0.05409
vn 0.99126 0.12013 0.0546
vn -0.11951 0.86851 0.48105
vn -0.10746 0.83072 0.54621
vn -0.10978 0.83824 0.53414
vn -0.99531 -0.06517 0.07143
vn -0.99646 -0.08246 0.01666
vn -0.99619 -0.08721 0.00147
vn -0.07816 0.72842 0.68066
vn -0.99425 -0.10177 -0.03332
vn -0.99428 -0.10143 -0.0334
vn 0.99195 0.11519 0.05268
vn 0.99324 0.10482 0.04988
vn 0.99322 0.10495 0.0499
vn 0.99203 0.11459 0.05247
vn -0.9892 -0.13527 -0.05643
vn -0.99117 -0.12381 -0.04741
vn -0.9911 -0.12424 -0.04775
vn 0.99352 0.10232 0.04944
vn 0.26683 -0.77286 0.57576
vn 0.01492 -0.41854 0.90808
vn 0.00666 -0.42536 0.905
vn -0.00166 -0.39752 0.91759
vn 0.00027 -0.41529 0.90969
vn -0.01455 -0.30545 0.9521
vn -0.01418 -0.30801 0.95128
vn -0.028 -0.20564 0.97823
vn -0.02805 -0.20519 0.97832
vn -0.0305 -0.18515 0.98224
vn 0.02116 0.10532 -0.99421
vn 0.04543 0.21473 -0.97562
vn 0.02661 0.13368 -0.99067
vn 0.03083 0.2067 -0.97792
vn 0.02253 0.20355 -0.97881
vn 0.01803 0.09123 -0.99567
vn 0.0425 0.23288 -0.97158
vn 0.02923 0.22554 -0.97379
vn 0.02505 0.22322 -0.97445
vn -0.99971 -0.01598 -0.01814
vn -0.99913 -0.0273 -0.03144
vn -0.99913 -0.02735 -0.03142
vn -0.99967 -0.01697 -0.01913
vn 0.01913 0.98344 0.18021
vn -0.00259 0.98863 0.15034
vn 0.01908 0.98346 0.18014
vn 0.99985 -0.01328 -0.01139
vn 0.99972 -0.01913 -0.01384
vn 0.99985 -0.0133 -0.0114
vn 0.05267 0.97272 0.22591
vn 0.99941 0.02047 0.0277
vn 0.99938 0.02103 0.02843
vn -0.99914 -0.02636 -0.0319
vn -0.0384 -0.21958 0.97484
vn -0.02983 -0.20459 0.97839
vn -0.03807 -0.20764 0.97746
vn -0.02748 -0.21789 0.97559
vn -0.02366 -0.09674 0.99503
vn -0.02451 -0.20406 0.97865
vn -0.02023 -0.11092 0.99362
vn -0.02401 -0.21735 0.9758
vn -0.01322 -0.14236 0.98973
vn 0.01378 0.03621 -0.99925
vn 0.00738 0.08511 -0.99634
vn 0.01657 0.01479 -0.99975
vn 0.99668 0.04892 0.06514
vn -0.99996 -0.00538 -0.00752
vn -0.01213 -0.03846 0.99919
vn 0.00919 -0.0967 0.99527
vn -0.02214 -0.01102 0.99969
vt 0.56276 0.16502
vt 0.55411 0.18152
vt 0.55062 0.16615
vt 0.56294 0.18092
vt 0.29507 0.32456
vt 0.26649 0.34687
vt 0.26649 0.32456
vt 0.29507 0.34687
vt 0.57466 0.16754
vt 0.57004 0.18276
vt 0.29507 0.30226
vt 0.26649 0.30226
vt 0.58524 0.17348
vt 0.5762 0.18652
vt 0.26649 0.27995
vt 0.29507 0.27995
vt 0.59371 0.1821
vt 0.57816 0.1894
vt 0.29507 0.2577
vt 0.26649 0.2577
vt 0.29507 0.22591
vt 0.26649 0.22591
vt 0.50574 0.11237
vt 0.4901 0.11237
vt 0.4901 0.1057
vt 0.50574 0.1057
vt 0.54807 0.12398
vt 0.53258 0.16193
vt 0.53258 0.12398
vt 0.54807 0.16193
vt 0.14867 0.30631
vt 0.13885 0.25438
vt 0.14867 0.25438
vt 0.13885 0.30631
vt 0.55624 0.24164
vt 0.56136 0.23111
vt 0.56023 0.24938
vt 0.55782 0.23141
vt 0.57318 0.07198
vt 0.5276 0.07198
vt 0.55748 0.06115
vt 0.5276 0.06115
vt 0.54706 0.23808
vt 0.55045 0.22996
vt 0.5432 0.22573
vt 0.53678 0.23173
vt 0.53815 0.21962
vt 0.52952 0.22248
vt 0.53556 0.21215
vt 0.52533 0.21133
vt 0.53497 0.20416
vt 0.52565 0.2011
vt 0.52364 0.18524
vt 0.5298 0.1778
vt 0.52716 0.19086
vt 0.54116 0.1889
vt 0.53725 0.19553
vt 0.26649 0.39073
vt 0.29507 0.40817
vt 0.26649 0.40817
vt 0.29507 0.39073
vt 0.53936 0.17086
vt 0.54759 0.18393
vt 0.26649 0.36918
vt 0.29507 0.36918
vt 0.60192 0.19734
vt 0.58894 0.19194
vt 0.49521 0.01225
vt 0.47966 0.0157
vt 0.47258 0.01225
vt 0.49521 0.0157
vt 0.50207 0.0157
vt 0.50732 0.01225
vt 0.50732 0.0157
vt 0.50209 0.01225
vt 0.51546 0.0157
vt 0.51546 0.01225
vt 0.52244 0.01225
vt 0.52244 0.0157
vt 0.52952 0.01225
vt 0.52952 0.0157
vt 0.53758 0.0157
vt 0.53758 0.01225
vt 0.54659 0.0157
vt 0.54659 0.01225
vt 0.55538 0.01225
vt 0.55538 0.0157
vt 0.5594 0.0157
vt 0.56232 0.01225
vt 0.55072 0.16193
vt 0.55072 0.12398
vt 0.47258 0.0157
vt 0.30323 0.35419
vt 0.31284 0.39783
vt 0.30323 0.39783
vt 0.31284 0.35419
vt 0.30636 0.40558
vt 0.31582 0.40835
vt 0.48073 0.09804
vt 0.48073 0.07673
vt 0.49228 0.08334
vt 0.52655 0.09804
vt 0.49789 0.08812
vt 0.52636 0.08812
vt 0.57318 0.04872
vt 0.56494 0.04872
vt 0.53849 0.21138
vt 0.55344 0.21079
vt 0.54096 0.21849
vt 0.56633 0.19237
vt 0.56884 0.18678
vt 0.57282 0.18945
vt 0.5599 0.1976
vt 0.56279 0.18522
vt 0.55507 0.18575
vt 0.54954 0.18781
vt 0.5441 0.19201
vt 0.55595 0.20328
vt 0.54027 0.19772
vt 0.53819 0.20529
vt 0.5455 0.2239
vt 0.55393 0.21866
vt 0.55206 0.22752
vt 0.55777 0.22874
vt 0.50732 0.02067
vt 0.51546 0.02067
vt 0.55538 0.02067
vt 0.54659 0.02067
vt 0.53758 0.02067
vt 0.52952 0.02067
vt 0.52244 0.02067
vt 0.56583 0.0157
vt 0.2379 0.32456
vt 0.2379 0.34687
vt 0.2379 0.30226
vt 0.2379 0.27995
vt 0.2379 0.2577
vt 0.2379 0.22591
vt 0.52144 0.1057
vt 0.52144 0.11237
vt 0.5171 0.12398
vt 0.5171 0.16193
vt 0.14867 0.3585
vt 0.13885 0.3585
vt 0.48156 0.07198
vt 0.49768 0.06115
vt 0.2379 0.40817
vt 0.2379 0.39073
vt 0.2379 0.36918
vt 0.51444 0.16193
vt 0.51444 0.12398
vt 0.31284 0.3102
vt 0.30323 0.3102
vt 0.30759 0.30204
vt 0.31713 0.30004
vt 0.57248 0.09804
vt 0.56063 0.08339
vt 0.57248 0.07674
vt 0.55502 0.08812
vt 0.49024 0.04872
vt 0.48156 0.04872
vt 0.52421 0.11762
vt 0.56162 0.12001
vt 0.52421 0.12001
vt 0.56547 0.23406
vt 0.56426 0.2486
vt 0.56941 0.0157
vt 0.56941 0.01225
vt 0.52421 0.10383
vt 0.5731 0.10383
vt 0.35624 0.39783
vt 0.35624 0.40835
vt 0.35624 0.35419
vt 0.35624 0.3102
vt 0.35624 0.30004
vt 0.20379 0.03879
vt 0.17425 0.02814
vt 0.20379 0.02814
vt 0.17425 0.03879
vt 0.14112 0.03879
vt 0.14112 0.02814
vt 0.10809 0.03879
vt 0.10809 0.02814
vt 0.07649 0.02814
vt 0.07649 0.03879
vt 0.04785 0.03879
vt 0.04785 0.02814
vt 0.01314 0.02814
vt 0.01314 0.03879
vt 0.27568 0.17401
vt 0.31872 0.14117
vt 0.32159 0.16592
vt 0.27268 0.13955
vt 0.40435 0.14235
vt 0.41967 0.14781
vt 0.39756 0.15632
vt 0.33052 0.18456
vt 0.28918 0.20586
vt 0.38714 0.15225
vt 0.34441 0.19952
vt 0.31186 0.23199
vt 0.51542 0.20662
vt 0.52221 0.27567
vt 0.46313 0.22951
vt 0.34093 0.25056
vt 0.35359 0.20336
vt 0.25406 0.04425
vt 0.23222 0.05922
vt 0.23222 0.04425
vt 0.25406 0.05922
vt 0.38222 0.22012
vt 0.38254 0.24032
vt 0.37422 0.22518
vt 0.39803 0.23776
vt 0.27456 0.04425
vt 0.27456 0.05922
vt 0.36667 0.20391
vt 0.36864 0.18224
vt 0.37641 0.19716
vt 0.21036 0.04425
vt 0.21036 0.05922
vt 0.52221 0.28396
vt 0.41645 0.28396
vt 0.29636 0.04425
vt 0.29636 0.05922
vt 0.52221 0.21799
vt 0.1885 0.04425
vt 0.1885 0.05922
vt 0.20107 0.01134
vt 0.13005 0.02335
vt 0.13005 0.01134
vt 0.20107 0.02335
vt 0.03512 0.04425
vt 0.01335 0.05922
vt 0.01335 0.04425
vt 0.03512 0.05922
vt 0.5086 0.12278
vt 0.47048 0.14464
vt 0.46039 0.13512
vt 0.16664 0.05922
vt 0.16664 0.04425
vt 0.48594 0.11608
vt 0.45933 0.12549
vt 0.05736 0.04425
vt 0.05736 0.05922
vt 0.47161 0.09335
vt 0.45152 0.10643
vt 0.37257 0.04182
vt 0.40211 0.03117
vt 0.40211 0.04182
vt 0.37257 0.03117
vt 0.14478 0.04425
vt 0.14478 0.05922
vt 0.44915 0.06895
vt 0.43625 0.08906
vt 0.43524 0.04182
vt 0.43524 0.03117
vt 0.07921 0.05922
vt 0.07921 0.04425
vt 0.42029 0.05386
vt 0.41695 0.07845
vt 0.46827 0.04182
vt 0.46827 0.03117
vt 0.12292 0.04425
vt 0.12292 0.05922
vt 0.39507 0.07506
vt 0.38752 0.0478
vt 0.49986 0.04182
vt 0.49986 0.03117
vt 0.10107 0.04425
vt 0.10107 0.05922
vt 0.37263 0.07732
vt 0.35928 0.05347
vt 0.52851 0.04182
vt 0.52851 0.03117
vt 0.31354 0.05547
vt 0.3313 0.06243
vt 0.29549 0.07599
vt 0.56322 0.04182
vt 0.56322 0.03117
vt 0.47402 0.20848
vt 0.33299 0.10173
vt 0.34968 0.08775
vt 0.41758 0.1596
vt 0.43371 0.15962
vt 0.4033 0.16708
vt 0.28045 0.10585
vt 0.32222 0.12194
vt 0.44371 0.24307
vt 0.39214 0.19633
vt 0.39411 0.18033
vt 0.36634 0.23169
vt 0.38826 0.26435
vt 0.38195 0.17413
vt 0.37658 0.16397
vt 0.42239 0.13817
vt 0.46512 0.15214
vt 0.4432 0.15055
vt 0.44972 0.14202
vt 0.46277 0.16388
vt 0.40427 0.01134
vt 0.46314 0.01134
vt 0.44454 0.02335
vt 0.40427 0.02335
vt 0.36073 0.01134
vt 0.37335 0.02335
vt 0.36073 0.02335
vt 0.38613 0.01134
vt 0.3385 0.02335
vt 0.3385 0.01134
vt 0.31596 0.01134
vt 0.31596 0.02335
vt 0.29755 0.01134
vt 0.29755 0.02335
vt 0.27555 0.02335
vt 0.27555 0.01134
vt 0.25404 0.02335
vt 0.25404 0.01134
vt 0.22388 0.01134
vt 0.22388 0.02335
vt 0.21159 0.02335
vt 0.11216 0.02335
vt 0.11216 0.01134
vt 0.46314 0.02335
vt 0.44797 0.16714
vt 0.50892 0.19464
vt 0.50865 0.13389
vt 0.39783 0.21141
vt 0.1036 0.09822
vt 0.1216 0.08318
vt 0.1216 0.09822
vt 0.1036 0.08318
vt 0.45711 0.18042
vt 0.1396 0.09822
vt 0.1396 0.08318
vt 0.1576 0.09822
vt 0.1576 0.08318
vt 0.45903 0.19643
vt 0.1756 0.08318
vt 0.1756 0.09822
vt 0.19361 0.09822
vt 0.19361 0.08318
vt 0.45329 0.2115
vt 0.21161 0.09822
vt 0.21161 0.08318
vt 0.22958 0.08318
vt 0.22958 0.09822
vt 0.4412 0.22218
vt 0.24843 0.08318
vt 0.24843 0.09822
vt 0.26629 0.09822
vt 0.26629 0.08318
vt 0.42554 0.22601
vt 0.03143 0.09822
vt 0.0491 0.08318
vt 0.0491 0.09822
vt 0.03143 0.08318
vt 0.06703 0.08318
vt 0.06703 0.09822
vt 0.40988 0.22213
vt 0.08561 0.09822
vt 0.08561 0.08318
vt 0.38303 0.0841
vt 0.40457 0.08431
vt 0.39519 0.12453
vt 0.35645 0.17645
vt 0.35435 0.19686
vt 0.34323 0.18863
vt 0.36498 0.15413
vt 0.33324 0.17369
vt 0.32756 0.15222
vt 0.32818 0.1353
vt 0.33486 0.11672
vt 0.37695 0.1382
vt 0.34718 0.10118
vt 0.36608 0.08875
vt 0.42332 0.09154
vt 0.41694 0.11864
vt 0.43904 0.10566
vt 0.44752 0.11967
vt 0.36073 0.03571
vt 0.3385 0.03571
vt 0.28577 0.07831
vt 0.27606 0.07831
vt 0.27606 0.06438
vt 0.25827 0.06438
vt 0.25827 0.07831
vt 0.23857 0.07831
vt 0.23857 0.06438
vt 0.21813 0.07831
vt 0.21813 0.06438
vt 0.19959 0.06438
vt 0.19959 0.07831
vt 0.17812 0.06438
vt 0.17812 0.07831
vt 0.15693 0.07831
vt 0.15693 0.06438
vt 0.13255 0.07831
vt 0.13255 0.06438
vt 0.11244 0.06438
vt 0.11244 0.07831
vt 0.09026 0.06438
vt 0.09026 0.07831
vt 0.06879 0.06438
vt 0.06879 0.07831
vt 0.04708 0.07831
vt 0.04708 0.06438
vt 0.02805 0.07831
vt 0.02805 0.06438
vt 0.01837 0.07831
vt 0.22388 0.03571
vt 0.25404 0.03571
vt 0.27555 0.03571
vt 0.29755 0.03571
vt 0.31596 0.03571
vt 0.42022 0.24605
vt 0.47389 0.1848
vt 0.81056 0.14476
vt 0.83933 0.15889
vt 0.81056 0.18891
vt 0.83272 0.14476
vt 0.88034 0.18891
vt 0.85322 0.15904
vt 0.88034 0.14432
vt 0.85934 0.14432
vt 0.88006 0.20258
vt 0.80922 0.20258
vt 0.80922 0.19394
vt 0.88006 0.19394
vt 0.80922 0.23808
vt 0.88006 0.23808
vt 0.88238 0.01237
vt 0.87704 0.07971
vt 0.87704 0.01777
vt 0.88238 0.08509
vt 0.86792 0.07626
vt 0.86792 0.05458
vt 0.87496 0.05458
vt 0.87496 0.07626
vt 0.84783 0.04467
vt 0.85478 0.06009
vt 0.84783 0.06009
vt 0.85478 0.04467
vt 0.80907 0.05952
vt 0.8162 0.03817
vt 0.8162 0.05952
vt 0.8028 0.01602
vt 0.84783 0.03094
vt 0.85478 0.03094
vt 0.85478 0.01483
vt 0.84783 0.01483
vt 0.8754 0.02949
vt 0.8754 0.0503
vt 0.86842 0.02949
vt 0.86842 0.0503
vt 0.81694 0.06688
vt 0.79479 0.07386
vt 0.79479 0.06688
vt 0.83916 0.08028
vt 0.88153 0.11063
vt 0.85878 0.08838
vt 0.88153 0.08838
vt 0.85187 0.10223
vt 0.83126 0.08775
vt 0.80961 0.11063
vt 0.80961 0.08775
vt 0.83779 0.10233
vt 0.88153 0.11906
vt 0.80961 0.11906
vt 0.80961 0.14129
vt 0.88153 0.14129
vt 0.86632 0.01777
vt 0.85934 0.08509
vt 0.85934 0.01237
vt 0.86632 0.07971
vt 0.84524 0.03333
vt 0.82323 0.03333
vt 0.84524 0.01075
vt 0.80968 0.01075
vt 0.82176 0.05993
vt 0.84443 0.07343
vt 0.82176 0.03791
vt 0.8443 0.03791
vt 0.8993 0.45418
vt 0.8993 0.23516
vt 0.96153 0.45418
vt 0.96153 0.23516
vt 0.89564 0.01056
vt 0.88483 0.23112
vt 0.88483 0.01056
vt 0.89564 0.23112
vt 0.88405 0.23518
vt 0.89493 0.45419
vt 0.88405 0.45419
vt 0.89493 0.23518
vt 0.96051 0.01159
vt 0.90008 0.2306
vt 0.90008 0.01159
vt 0.96051 0.2306
vt 0.80788 0.24854
vt 0.7331 0.24854
vt 0.801 0.24593
vt 0.73993 0.24593
vt 0.81076 0.2557
vt 0.73017 0.2557
vt 0.72077 0.43523
vt 0.65923 0.44149
vt 0.65239 0.43523
vt 0.71454 0.44149
vt 0.79548 0.45567
vt 0.73502 0.45567
vt 0.79548 0.44695
vt 0.73502 0.44695
vt 0.72559 0.44622
vt 0.72906 0.43768
vt 0.83902 0.46178
vt 0.651 0.47037
vt 0.651 0.46178
vt 0.83902 0.47037
vt 0.81076 0.43674
vt 0.73017 0.43674
vt 0.65312 0.48079
vt 0.84228 0.4722
vt 0.84228 0.48079
vt 0.65312 0.4722
vt 0.72765 0.45567
vt 0.72765 0.44695
vt 0.84922 0.48079
vt 0.84922 0.4722
vt 0.64489 0.46178
vt 0.64489 0.47037
vt 0.80278 0.44695
vt 0.80278 0.45567
vt 0.65239 0.25941
vt 0.72077 0.25941
vt 0.65629 0.44926
vt 0.64792 0.44589
vt 0.71782 0.44926
vt 0.64489 0.43771
vt 0.64497 0.25694
vt 0.72904 0.25695
vt 0.73311 0.4439
vt 0.80786 0.4439
vt 0.80099 0.4465
vt 0.73994 0.4465
vt 0.65918 0.25317
vt 0.7145 0.25317
vt 0.65225 0.4509
vt 0.71281 0.4509
vt 0.71281 0.45962
vt 0.65225 0.45962
vt 0.72554 0.24839
vt 0.64489 0.4509
vt 0.64489 0.45962
vt 0.64489 0.48079
vt 0.64489 0.4722
vt 0.84663 0.46178
vt 0.84663 0.47037
vt 0.72012 0.45962
vt 0.72012 0.4509
vt 0.64849 0.24906
vt 0.65628 0.24544
vt 0.71776 0.24544
vt 0.85026 0.38475
vt 0.85026 0.35484
vt 0.86461 0.35484
vt 0.86461 0.38475
vt 0.86461 0.27444
vt 0.85026 0.27444
vt 0.86461 0.24562
vt 0.85026 0.24562
vt 0.84304 0.42359
vt 0.81192 0.42359
vt 0.84304 0.40903
vt 0.81192 0.40902
vt 0.84495 0.70042
vt 0.81764 0.73977
vt 0.81764 0.70042
vt 0.84495 0.73977
vt 0.74086 0.73977
vt 0.74086 0.70042
vt 0.84913 0.24622
vt 0.84913 0.29024
vt 0.81192 0.24622
vt 0.81192 0.29024
vt 0.84913 0.37661
vt 0.81192 0.37661
vt 0.81192 0.40788
vt 0.84913 0.40788
vt 0.88061 0.38331
vt 0.86591 0.35259
vt 0.88061 0.35259
vt 0.86591 0.38331
vt 0.86591 0.27353
vt 0.88061 0.27353
vt 0.86591 0.2454
vt 0.88061 0.2454
vt 0.2186 0.22202
vt 0.19158 0.2579
vt 0.19159 0.22193
vt 0.21952 0.26125
vt 0.19158 0.29209
vt 0.21783 0.29156
vt 0.21661 0.3241
vt 0.19158 0.32379
vt 0.19158 0.35348
vt 0.21674 0.35428
vt 0.21663 0.38315
vt 0.19158 0.38257
vt 0.19158 0.41886
vt 0.21738 0.41736
vt 0.22589 0.41045
vt 0.22667 0.38646
vt 0.22646 0.35478
vt 0.2268 0.32316
vt 0.2277 0.28884
vt 0.22807 0.25928
vt 0.22479 0.22458
vt 0.16457 0.22202
vt 0.16363 0.26127
vt 0.16533 0.29158
vt 0.16655 0.32412
vt 0.16642 0.35429
vt 0.16654 0.38316
vt 0.16579 0.41734
vt 0.15729 0.41043
vt 0.1565 0.38647
vt 0.15669 0.35479
vt 0.15637 0.32318
vt 0.15546 0.28886
vt 0.15508 0.2593
vt 0.15838 0.22458
vt 0.71767 0.80953
vt 0.70304 0.82333
vt 0.70304 0.80953
vt 0.71767 0.82333
vt 0.73782 0.81074
vt 0.72153 0.82248
vt 0.72153 0.81074
vt 0.73782 0.82248
vt 0.72099 0.82577
vt 0.73653 0.82577
vt 0.73653 0.83749
vt 0.72099 0.83749
vt 0.72223 0.78935
vt 0.72223 0.80488
vt 0.71046 0.78935
vt 0.71046 0.80488
vt 0.72642 0.80549
vt 0.73818 0.7892
vt 0.73818 0.80549
vt 0.72642 0.7892
vt 0.64092 0.80953
vt 0.62629 0.82333
vt 0.62629 0.80953
vt 0.64092 0.82333
vt 0.66106 0.81074
vt 0.64477 0.82248
vt 0.64477 0.81074
vt 0.66106 0.82248
vt 0.64423 0.82577
vt 0.65977 0.82577
vt 0.65977 0.83749
vt 0.64423 0.83749
vt 0.64548 0.78935
vt 0.64548 0.80488
vt 0.63371 0.78935
vt 0.63371 0.80488
vt 0.64966 0.80549
vt 0.66143 0.7892
vt 0.66143 0.80549
vt 0.64966 0.7892
vt 0.67912 0.80953
vt 0.66449 0.82333
vt 0.66449 0.80953
vt 0.67912 0.82333
vt 0.69926 0.81074
vt 0.68298 0.82248
vt 0.68298 0.81074
vt 0.69926 0.82248
vt 0.68244 0.82577
vt 0.69798 0.82577
vt 0.69798 0.83749
vt 0.68244 0.83749
vt 0.68368 0.78935
vt 0.68368 0.80488
vt 0.67191 0.78935
vt 0.67191 0.80488
vt 0.68787 0.80549
vt 0.69963 0.7892
vt 0.69963 0.80549
vt 0.68787 0.7892
vt 0.68561 0.68183
vt 0.74989 0.68183
vt 0.74989 0.69242
vt 0.67644 0.69242
vt 0.6733 0.6777
vt 0.66412 0.68838
vt 0.65345 0.67951
vt 0.66409 0.66815
vt 0.64883 0.66565
vt 0.6621 0.65562
vt 0.64883 0.51947
vt 0.6621 0.52669
vt 0.6662 0.51411
vt 0.65273 0.50692
vt 0.66358 0.496
vt 0.67414 0.50754
vt 0.67945 0.49035
vt 0.68581 0.50356
vt 0.74989 0.49035
vt 0.74989 0.50356
vt 0.42738 0.52745
vt 0.48944 0.49791
vt 0.48944 0.52745
vt 0.42738 0.49791
vt 0.48888 0.49226
vt 0.42726 0.46252
vt 0.48888 0.46252
vt 0.42726 0.49226
vt 0.41554 0.46252
vt 0.41554 0.49226
vt 0.6019 0.35944
vt 0.57123 0.37101
vt 0.57123 0.35944
vt 0.6019 0.371
vt 0.6019 0.38337
vt 0.57123 0.38337
vt 0.57123 0.51642
vt 0.6019 0.51642
vt 0.57123 0.52905
vt 0.6019 0.52905
vt 0.6019 0.53914
vt 0.57123 0.53914
vt 0.4167 0.52745
vt 0.4167 0.49791
vt 0.6925 0.51807
vt 0.74982 0.53676
vt 0.69056 0.53676
vt 0.7497 0.51807
vt 0.68379 0.52131
vt 0.68383 0.66777
vt 0.67611 0.66126
vt 0.69056 0.65269
vt 0.6736 0.53843
vt 0.69056 0.59823
vt 0.6736 0.6514
vt 0.67621 0.52817
vt 0.694 0.67105
vt 0.74984 0.67105
vt 0.74982 0.65269
vt 0.74982 0.59823
vt 0.17444 0.53673
vt 0.17444 0.45672
vt 0.25368 0.53673
vt 0.25368 0.45672
vt 0.16033 0.45672
vt 0.16033 0.53673
vt 0.2351 0.79549
vt 0.31291 0.79549
vt 0.2351 0.81036
vt 0.31291 0.81036
vt 0.2351 0.77953
vt 0.31291 0.77953
vt 0.2351 0.62481
vt 0.31291 0.62481
vt 0.2351 0.6109
vt 0.31291 0.6109
vt 0.11931 0.48936
vt 0.1292 0.53614
vt 0.11931 0.53614
vt 0.1292 0.48936
vt 0.108 0.53614
vt 0.108 0.48936
vt 0.06386 0.53614
vt 0.06386 0.48936
vt 0.17444 0.54783
vt 0.25368 0.54783
vt 0.16033 0.54783
vt 0.22046 0.79549
vt 0.22046 0.81036
vt 0.22046 0.77953
vt 0.22046 0.62481
vt 0.22046 0.6109
vt 0.11931 0.54845
vt 0.1292 0.54845
vt 0.108 0.54845
vt 0.06386 0.54845
vt 0.36204 0.45147
vt 0.34674 0.44662
vt 0.38361 0.44127
vt 0.37595 0.46446
vt 0.38364 0.48536
vt 0.53878 0.81239
vt 0.5433 0.79863
vt 0.56316 0.83586
vt 0.15127 0.45376
vt 0.14056 0.46651
vt 0.1143 0.44127
vt 0.16786 0.44662
vt 0.5433 0.71708
vt 0.56317 0.71708
vt 0.28944 0.97456
vt 0.17068 0.97456
vt 0.28944 0.95751
vt 0.17068 0.95751
vt 0.36978 0.2936
vt 0.48838 0.3516
vt 0.36978 0.3516
vt 0.48838 0.2936
vt 0.45206 0.60214
vt 0.44072 0.57455
vt 0.45183 0.57455
vt 0.2087 0.80847
vt 0.14259 0.80847
vt 0.16498 0.79692
vt 0.15685 0.79692
vt 0.82205 0.96869
vt 0.75424 0.95282
vt 0.76454 0.93933
vt 0.82205 0.93933
vt 0.75428 0.96869
vt 0.50374 0.95282
vt 0.50374 0.96869
vt 0.02573 0.48084
vt 0.05565 0.47522
vt 0.05565 0.48084
vt 0.01044 0.47522
vt 0.01015 0.48084
vt 0.33567 0.60214
vt 0.33566 0.57455
vt 0.15433 0.69235
vt 0.14259 0.79692
vt 0.14259 0.69235
vt 0.07265 0.9359
vt 0.00927 0.94519
vt 0.00927 0.9359
vt 0.07265 0.94519
vt 0.00927 0.92758
vt 0.07265 0.92758
vt 0.07265 0.84746
vt 0.00927 0.84746
vt 0.07265 0.83857
vt 0.00927 0.83857
vt 0.52298 0.82499
vt 0.52715 0.7994
vt 0.52715 0.82499
vt 0.52298 0.7994
vt 0.48067 0.7994
vt 0.48067 0.82499
vt 0.53106 0.7994
vt 0.53106 0.82499
vt 0.13118 0.57608
vt 0.0113 0.56543
vt 0.12874 0.56543
vt 0.00731 0.57608
vt 0.01909 0.55857
vt 0.12308 0.55857
vt 0.0283 0.55549
vt 0.11514 0.55559
vt 0.0893 0.59746
vt 0.05297 0.59746
vt 0.13651 0.94519
vt 0.36774 0.92758
vt 0.36774 0.9359
vt 0.36774 0.84746
vt 0.36774 0.83857
vt 0.52715 0.6776
vt 0.53106 0.6776
vt 0.52298 0.6776
vt 0.48067 0.6776
vt 0.01044 0.47357
vt 0.00832 0.47119
vt 0.0102 0.47053
vt 0.05565 0.4299
vt 0.01019 0.46756
vt 0.01363 0.4299
vt 0.05565 0.47033
vt 0.0096 0.43236
vt 0.00873 0.46785
vt 0.00832 0.43602
vt 0.36774 0.94519
vt 0.37274 0.9359
vt 0.00676 0.46825
vt 0.00676 0.4359
vt 0.37274 0.83857
vt 0.37274 0.84746
vt 0.00758 0.43236
vt 0.00977 0.42961
vt 0.01363 0.42801
vt 0.05565 0.42801
vt 0.05565 0.47357
vt 0.37274 0.94519
vt 0.37274 0.92758
vt 0.52715 0.67503
vt 0.53106 0.67503
vt 0.52298 0.67503
vt 0.48067 0.67503
vt 0.15849 0.77957
vt 0.15644 0.69235
vt 0.17081 0.7766
vt 0.17081 0.69194
vt 0.2087 0.69194
vt 0.2087 0.79692
vt 0.41098 0.48649
vt 0.39508 0.48068
vt 0.41098 0.48391
vt 0.39258 0.48649
vt 0.39569 0.4349
vt 0.47954 0.4349
vt 0.47954 0.45764
vt 0.39569 0.45764
vt 0.39643 0.42978
vt 0.48091 0.40948
vt 0.48091 0.42978
vt 0.39643 0.40948
vt 0.07908 0.68463
vt 0.07626 0.7533
vt 0.07626 0.68463
vt 0.07908 0.7533
vt 0.00731 0.68466
vt 0.05297 0.68466
vt 0.13118 0.68494
vt 0.0893 0.68482
vt 0.59744 0.66447
vt 0.5109 0.66447
vt 0.5109 0.61638
vt 0.59744 0.61638
vt 0.43957 0.55093
vt 0.39492 0.56815
vt 0.39494 0.53208
vt 0.43953 0.5441
vt 0.47664 0.40416
vt 0.38998 0.40416
vt 0.47664 0.35774
vt 0.38998 0.35774
vt 0.06998 0.75803
vt 0.0641 0.68437
vt 0.06998 0.68437
vt 0.0641 0.75803
vt 0.39258 0.48116
vt 0.16314 0.7766
vt 0.16314 0.69235
vt 0.16651 0.7766
vt 0.82334 0.69242
vt 0.81417 0.68183
vt 0.82649 0.6777
vt 0.83566 0.68838
vt 0.84634 0.67951
vt 0.8357 0.66815
vt 0.85095 0.66565
vt 0.83768 0.65562
vt 0.83768 0.52669
vt 0.85095 0.51947
vt 0.83359 0.51411
vt 0.84705 0.50692
vt 0.8362 0.496
vt 0.82564 0.50754
vt 0.82034 0.49035
vt 0.81398 0.50356
vt 0.55147 0.52745
vt 0.55147 0.49791
vt 0.55096 0.46252
vt 0.55096 0.49226
vt 0.56282 0.46252
vt 0.56282 0.49226
vt 0.60801 0.52716
vt 0.63873 0.53874
vt 0.60801 0.53874
vt 0.63873 0.52716
vt 0.60801 0.51479
vt 0.63873 0.51479
vt 0.60801 0.38154
vt 0.63873 0.38154
vt 0.60801 0.36885
vt 0.63873 0.36885
vt 0.63873 0.35876
vt 0.60801 0.35876
vt 0.56214 0.49791
vt 0.56214 0.52745
vt 0.80715 0.51807
vt 0.8092 0.53676
vt 0.81594 0.52072
vt 0.81581 0.66775
vt 0.8092 0.65269
vt 0.82355 0.66129
vt 0.8262 0.53776
vt 0.8262 0.65143
vt 0.8092 0.59823
vt 0.82352 0.52759
vt 0.80567 0.67105
vt 0.33294 0.53673
vt 0.33294 0.45672
vt 0.34719 0.45672
vt 0.34719 0.53673
vt 0.36229 0.45672
vt 0.36229 0.53673
vt 0.41309 0.60988
vt 0.33692 0.62521
vt 0.33692 0.60988
vt 0.41309 0.62521
vt 0.33692 0.77806
vt 0.41309 0.77806
vt 0.41309 0.79171
vt 0.33692 0.79171
vt 0.41309 0.80791
vt 0.33692 0.80791
vt 0.00856 0.53614
vt 0.00856 0.48936
vt 0.01973 0.53614
vt 0.01973 0.48936
vt 0.33294 0.54783
vt 0.34719 0.54783
vt 0.36229 0.54783
vt 0.32177 0.62521
vt 0.32177 0.60988
vt 0.32177 0.77806
vt 0.32177 0.79171
vt 0.32177 0.80791
vt 0.01973 0.54845
vt 0.00856 0.54845
vt 0.36085 0.42713
vt 0.38226 0.43726
vt 0.34549 0.43192
vt 0.37477 0.41437
vt 0.38245 0.39376
vt 0.59743 0.81096
vt 0.5719 0.83513
vt 0.5913 0.79712
vt 0.15028 0.42474
vt 0.11359 0.43726
vt 0.13914 0.41219
vt 0.167 0.43192
vt 0.5719 0.71517
vt 0.5913 0.71517
vt 0.40819 0.95751
vt 0.40819 0.97456
vt 0.60701 0.2936
vt 0.60701 0.3516
vt 0.21933 0.60214
vt 0.21971 0.57455
vt 0.23074 0.57455
vt 0.14259 0.57581
vt 0.16283 0.58724
vt 0.15472 0.58724
vt 0.2087 0.57581
vt 0.49353 0.97542
vt 0.42668 0.99159
vt 0.48296 0.96338
vt 0.42668 0.96338
vt 0.49358 0.99159
vt 0.73941 0.97542
vt 0.73941 0.99159
vt 0.08574 0.48084
vt 0.10098 0.47522
vt 0.10131 0.48084
vt 0.14259 0.58724
vt 0.44467 0.8489
vt 0.38308 0.841
vt 0.44467 0.841
vt 0.38308 0.8489
vt 0.38308 0.85717
vt 0.44467 0.85717
vt 0.44467 0.93658
vt 0.38308 0.93658
vt 0.44467 0.94559
vt 0.38308 0.94559
vt 0.43834 0.82499
vt 0.43416 0.7994
vt 0.43834 0.7994
vt 0.43416 0.82499
vt 0.4302 0.82499
vt 0.4302 0.7994
vt 0.00731 0.79298
vt 0.13118 0.79298
vt 0.01142 0.80356
vt 0.12812 0.80356
vt 0.01915 0.81038
vt 0.12248 0.81038
vt 0.0283 0.81341
vt 0.11458 0.81336
vt 0.0893 0.7717
vt 0.05297 0.7717
vt 0.50823 0.841
vt 0.73889 0.85717
vt 0.73889 0.8489
vt 0.73889 0.93658
vt 0.73889 0.94559
vt 0.43416 0.6776
vt 0.4302 0.6776
vt 0.43834 0.6776
vt 0.10098 0.47357
vt 0.1012 0.47024
vt 0.10308 0.47089
vt 0.10119 0.46726
vt 0.0975 0.4299
vt 0.10156 0.43206
vt 0.10265 0.46755
vt 0.10286 0.43571
vt 0.73889 0.841
vt 0.74386 0.8489
vt 0.10452 0.46794
vt 0.10452 0.43558
vt 0.74386 0.94559
vt 0.74386 0.93658
vt 0.10137 0.42931
vt 0.10358 0.43205
vt 0.0975 0.42801
vt 0.74386 0.841
vt 0.74386 0.85717
vt 0.43416 0.67503
vt 0.4302 0.67503
vt 0.43834 0.67503
vt 0.15671 0.60507
vt 0.17081 0.6079
vt 0.2087 0.58724
vt 0.40952 0.46773
vt 0.39118 0.47389
vt 0.39118 0.47094
vt 0.41216 0.47389
vt 0.56338 0.4349
vt 0.56338 0.45764
vt 0.56442 0.42978
vt 0.56442 0.40948
vt 0.07908 0.61518
vt 0.07626 0.61518
vt 0.42436 0.66447
vt 0.42436 0.61638
vt 0.55612 0.57754
vt 0.60072 0.56556
vt 0.55608 0.58437
vt 0.60071 0.60162
vt 0.5633 0.40416
vt 0.5633 0.35774
vt 0.06998 0.61072
vt 0.0641 0.61072
vt 0.41216 0.46886
vt 0.16314 0.6079
vt 0.16478 0.6079
vt 0.53719 0.68617
vt 0.53719 0.66938
vt 0.55125 0.66938
vt 0.55125 0.68617
vt 0.55131 0.70461
vt 0.53656 0.70461
vt 0.53656 0.70141
vt 0.55131 0.70141
vt 0.55387 0.69881
vt 0.5365 0.6955
vt 0.55387 0.6955
vt 0.5365 0.69881
vt 0.5365 0.70725
vt 0.55388 0.70725
vt 0.5365 0.71054
vt 0.55388 0.71054
vt 0.55115 0.69008
vt 0.5365 0.69347
vt 0.5365 0.69008
vt 0.55115 0.69347
vt 0.55714 0.6859
vt 0.55714 0.6691
vt 0.5712 0.6691
vt 0.5712 0.6859
vt 0.57882 0.69818
vt 0.56406 0.69818
vt 0.56406 0.69497
vt 0.57882 0.69497
vt 0.58025 0.7039
vt 0.56288 0.70059
vt 0.58025 0.70059
vt 0.56288 0.7039
vt 0.56435 0.70673
vt 0.58173 0.70673
vt 0.56435 0.71002
vt 0.58173 0.71002
vt 0.57602 0.68952
vt 0.56136 0.69292
vt 0.56136 0.68952
vt 0.57602 0.69292
vt 0.78074 0.74905
vt 0.81238 0.755
vt 0.78074 0.755
vt 0.81238 0.74905
vt 0.81238 0.81616
vt 0.78074 0.81616
vt 0.81794 0.75233
vt 0.85178 0.88686
vt 0.81794 0.88686
vt 0.85178 0.75233
vt 0.93144 0.77074
vt 0.96562 0.7474
vt 0.96562 0.77074
vt 0.93144 0.7474
vt 0.93144 0.8442
vt 0.96562 0.8113
vt 0.96562 0.8442
vt 0.93144 0.8113
vt 0.77171 0.84566
vt 0.80579 0.8525
vt 0.77171 0.8525
vt 0.80579 0.84566
vt 0.98359 0.33919
vt 0.99324 0.32916
vt 0.99324 0.33919
vt 0.98359 0.32916
vt 0.97088 0.02051
vt 0.97088 0.01168
vt 0.97884 0.01168
vt 0.97884 0.02051
vt 0.98359 0.23982
vt 0.99324 0.23981
vt 0.97088 0.07562
vt 0.97884 0.07562
vt 0.99324 0.09648
vt 0.98359 0.2339
vt 0.98359 0.09648
vt 0.99324 0.2339
vt 0.97088 0.08034
vt 0.97884 0.20943
vt 0.97088 0.20943
vt 0.97884 0.08034
vt 0.98359 0.09185
vt 0.99324 0.07164
vt 0.99324 0.09185
vt 0.98359 0.07164
vt 0.77304 0.83807
vt 0.80558 0.82965
vt 0.80558 0.83807
vt 0.77304 0.82965
vt 0.97884 0.26331
vt 0.97088 0.22374
vt 0.97884 0.22374
vt 0.97088 0.26331
vt 0.99324 0.01294
vt 0.99324 0.03889
vt 0.98359 0.03889
vt 0.98359 0.01294
vt 0.97088 0.21406
vt 0.97884 0.21406
vt 0.97884 0.29538
vt 0.97088 0.29538
vt 0.7767 0.76077
vt 0.74339 0.82178
vt 0.74339 0.76077
vt 0.7767 0.82178
vt 0.85632 0.87124
vt 0.89008 0.75432
vt 0.89008 0.87124
vt 0.85632 0.75432
vt 0.89346 0.75009
vt 0.92847 0.76675
vt 0.89346 0.76675
vt 0.92847 0.75009
vt 0.92847 0.80725
vt 0.89346 0.80725
vt 0.92847 0.84034
vt 0.89346 0.84034
vt 0.74339 0.74958
vt 0.7767 0.74958
vt 0.81794 0.74775
vt 0.85178 0.74775
vt 0.85178 0.89153
vt 0.81794 0.89153
vt 0.85632 0.7499
vt 0.89008 0.7499
vt 0.85632 0.87568
vt 0.89008 0.87568
vt 0.78396 0.23253
vt 0.70711 0.23253
vt 0.78396 0.19463
vt 0.70711 0.19463
vt 0.60014 0.1521
vt 0.67358 0.1521
vt 0.60014 0.19
vt 0.67358 0.19
vt 0.67837 0.03132
vt 0.75515 0.10496
vt 0.57895 0.10496
vt 0.75515 0.03132
vt 0.76017 0.01934
vt 0.7832 0.04337
vt 0.76017 0.0743
vt 0.7832 0.01934
vt 0.70261 0.23246
vt 0.60596 0.23246
vt 0.60596 0.19457
vt 0.70261 0.19457
vt 0.57841 0.14844
vt 0.75477 0.11055
vt 0.75477 0.14844
vt 0.57841 0.11055
vt 0.76232 0.19006
vt 0.67636 0.15217
vt 0.76232 0.15217
vt 0.67636 0.19006
vt 0.57895 0.00841
vt 0.66482 0.00841
vt 0.79018 0.0743
vt 0.79018 0.04764
vt 0.76561 0.08215
vt 0.80351 0.08215
vt 0.76561 0.10857
vt 0.80351 0.10857
vt 0.60613 0.28309
vt 0.53369 0.28309
vt 0.60613 0.25765
vt 0.53369 0.25765
vt 0.70702 0.01945
vt 0.73246 0.01945
vt 0.73246 0.03052
vt 0.70702 0.03052
vt 0.78599 0.18824
vt 0.78599 0.11298
vt 0.80525 0.18824
vt 0.70555 0.0302
vt 0.68011 0.0302
vt 0.68011 0.01101
vt 0.70555 0.01101
vt 0.78468 0.1126
vt 0.76574 0.1885
vt 0.76411 0.18696
vt 0.77321 0.11438
vt 0.68011 0.00861
vt 0.70555 0.00861
vt 0.78468 0.1885
vt 0.80685 0.18657
vt 0.79695 0.11462
vt 0.63424 0.67245
vt 0.63766 0.677
vt 0.62862 0.68028
vt 0.61085 0.60687
vt 0.63843 0.60687
vt 0.61085 0.6175
vt 0.63843 0.6175
vt 0.63776 0.68275
vt 0.61085 0.59623
vt 0.63843 0.59623
vt 0.63843 0.62802
vt 0.61085 0.62802
vt 0.63458 0.6875
vt 0.62755 0.67071
vt 0.61085 0.63832
vt 0.63843 0.63832
vt 0.62927 0.68958
vt 0.63843 0.58571
vt 0.61085 0.58571
vt 0.61085 0.6483
vt 0.63843 0.6483
vt 0.62369 0.6882
vt 0.62231 0.67303
vt 0.63843 0.65785
vt 0.61085 0.65785
vt 0.61992 0.68381
vt 0.63843 0.5754
vt 0.61085 0.5754
vt 0.63843 0.56543
vt 0.61085 0.56543
vt 0.63843 0.55588
vt 0.61085 0.55588
vt 0.61939 0.67804
vt 0.58513 0.68188
vt 0.5829 0.68931
vt 0.58031 0.68133
vt 0.58693 0.68743
vt 0.58693 0.67633
vt 0.5829 0.67336
vt 0.58969 0.66843
vt 0.59165 0.6729
vt 0.59807 0.66843
vt 0.59749 0.6729
vt 0.60485 0.67336
vt 0.60221 0.67633
vt 0.60744 0.68133
vt 0.60401 0.68188
vt 0.60485 0.6893
vt 0.60196 0.68715
vt 0.59724 0.69058
vt 0.59807 0.69423
vt 0.59165 0.69086
vt 0.58969 0.69423
vt 0.6493 0.7646
vt 0.64383 0.7646
vt 0.64383 0.72713
vt 0.63591 0.72713
vt 0.63591 0.7646
vt 0.62777 0.72713
vt 0.6329 0.7646
vt 0.62777 0.7646
vt 0.61969 0.72713
vt 0.61969 0.7646
vt 0.61626 0.7646
vt 0.61184 0.72713
vt 0.61184 0.7646
vt 0.66534 0.72713
vt 0.66534 0.7646
vt 0.65752 0.7646
vt 0.65752 0.72713
vt 0.65216 0.7646
vt 0.65216 0.72713
vt 0.63876 0.70016
vt 0.64383 0.70016
vt 0.63591 0.70016
vt 0.62777 0.70016
vt 0.62288 0.70016
vt 0.61969 0.70016
vt 0.61184 0.70016
vt 0.6603 0.70016
vt 0.66534 0.70016
vt 0.65752 0.70016
vt 0.65216 0.70016
vt 0.63989 0.77503
vt 0.63296 0.77503
vt 0.63989 0.77139
vt 0.63296 0.77139
vt 0.64699 0.77503
vt 0.64699 0.77139
vt 0.65313 0.77139
vt 0.65313 0.77503
vt 0.65843 0.77139
vt 0.65843 0.77503
vt 0.66316 0.77503
vt 0.66316 0.77139
vt 0.66754 0.77139
vt 0.66754 0.77503
vt 0.61804 0.77503
vt 0.61288 0.77503
vt 0.61288 0.77139
vt 0.61804 0.77139
vt 0.62314 0.77503
vt 0.62314 0.77139
vt 0.62796 0.77503
vt 0.62796 0.77139
vt 0.7341 0.74153
vt 0.67501 0.7328
vt 0.7341 0.7328
vt 0.67501 0.74153
vt 0.7341 0.75025
vt 0.67501 0.75025
vt 0.7341 0.75923
vt 0.67501 0.75923
vt 0.7341 0.76774
vt 0.67501 0.76774
vt 0.7341 0.77656
vt 0.67501 0.77656
vt 0.7341 0.78536
vt 0.67501 0.78536
vt 0.7341 0.69809
vt 0.67501 0.70665
vt 0.67501 0.69809
vt 0.7341 0.70665
vt 0.67501 0.71512
vt 0.7341 0.71512
vt 0.7341 0.72391
vt 0.67501 0.72391
vt 0.64487 0.67445
vt 0.63839 0.66582
vt 0.64493 0.6849
vt 0.6391 0.69355
vt 0.62982 0.6971
vt 0.61986 0.69478
vt 0.61291 0.68686
vt 0.6119 0.67658
vt 0.61704 0.66742
vt 0.62726 0.66289
vt 0.78599 0.89619
vt 0.77292 0.91657
vt 0.77292 0.89619
vt 0.78599 0.91657
vt 0.79244 0.89622
vt 0.80582 0.91654
vt 0.79244 0.91654
vt 0.80582 0.89622
vt 0.8099 0.86002
vt 0.80989 0.87899
vt 0.80736 0.85934
vt 0.80736 0.87967
vt 0.78706 0.87975
vt 0.78706 0.85926
vt 0.78729 0.89273
vt 0.80771 0.88451
vt 0.80771 0.89273
vt 0.78729 0.88451
vt 0.75022 0.88228
vt 0.77088 0.89119
vt 0.75904 0.90038
vt 0.76124 0.90038
vt 0.77082 0.87064
vt 0.75877 0.86094
vt 0.76097 0.86094
vt 0.7498 0.87954
vt 0.78425 0.87944
vt 0.78425 0.87064
vt 0.78409 0.88228
vt 0.78409 0.89119
vt 0.91604 0.89172
vt 0.91604 0.95246
vt 0.90163 0.95246
vt 0.90163 0.89172
vt 0.89702 0.95374
vt 0.88528 0.89157
vt 0.89702 0.89157
vt 0.88528 0.95374
vt 0.90138 0.88616
vt 0.90138 0.87001
vt 0.9131 0.87001
vt 0.9131 0.88616
vt 0.91909 0.88585
vt 0.91909 0.8697
vt 0.93086 0.88585
vt 0.93086 0.8697
vt 0.93232 0.89062
vt 0.92056 0.95274
vt 0.92056 0.89062
vt 0.93232 0.95274
vt 0.86487 0.90141
vt 0.84787 0.91316
vt 0.84787 0.90141
vt 0.86487 0.91316
vt 0.8398 0.95604
vt 0.86488 0.96776
vt 0.8398 0.96776
vt 0.86488 0.95604
vt 0.84389 0.91185
vt 0.83241 0.9315
vt 0.83241 0.91185
vt 0.84389 0.9315
vt 0.82911 0.96723
vt 0.82911 0.95592
vt 0.83693 0.95592
vt 0.83693 0.96723
vt 0.86398 0.91627
vt 0.86398 0.95317
vt 0.84851 0.9359
vt 0.84851 0.91627
vt 0.86751 0.95386
vt 0.87926 0.91547
vt 0.87926 0.95386
vt 0.86751 0.91547
vt 0.82663 0.93483
vt 0.83832 0.95355
vt 0.82663 0.95355
vt 0.83832 0.93483
vt 0.84138 0.95317
vt 0.84138 0.9359
vt 0.79212 0.97517
vt 0.82414 0.97517
vt 0.82414 0.98935
vt 0.79212 0.98935
vt 0.75185 0.98964
vt 0.78544 0.97791
vt 0.78544 0.98964
vt 0.75185 0.97791
vt 0.93731 0.99467
vt 0.93731 0.97875
vt 0.94903 0.97875
vt 0.94903 0.99467
vt 0.93721 0.97546
vt 0.93721 0.95954
vt 0.94898 0.97546
vt 0.94898 0.95954
vt 0.86245 0.98825
vt 0.82888 0.97648
vt 0.86245 0.97648
vt 0.82888 0.98825
vt 0.95983 0.86734
vt 0.97363 0.88197
vt 0.95983 0.88197
vt 0.97363 0.86734
vt 0.96001 0.8483
vt 0.97174 0.86459
vt 0.96001 0.86459
vt 0.97174 0.8483
vt 0.97428 0.8636
vt 0.97428 0.84806
vt 0.986 0.84806
vt 0.986 0.8636
vt 0.93943 0.86383
vt 0.95496 0.86383
vt 0.93943 0.8756
vt 0.95496 0.8756
vt 0.95557 0.86035
vt 0.93928 0.84859
vt 0.95557 0.84859
vt 0.93928 0.86035
vt 0.95591 0.94627
vt 0.96971 0.9609
vt 0.95591 0.9609
vt 0.96971 0.94627
vt 0.95618 0.92615
vt 0.96791 0.94243
vt 0.95618 0.94243
vt 0.96791 0.92615
vt 0.97108 0.94297
vt 0.97108 0.92743
vt 0.9828 0.92743
vt 0.9828 0.94297
vt 0.93714 0.94122
vt 0.95268 0.94122
vt 0.93714 0.95299
vt 0.95268 0.95299
vt 0.95329 0.93818
vt 0.937 0.92641
vt 0.95329 0.92641
vt 0.937 0.93818
vt 0.9596 0.90693
vt 0.9734 0.92156
vt 0.9596 0.92156
vt 0.9734 0.90693
vt 0.96047 0.88656
vt 0.97221 0.90284
vt 0.96047 0.90284
vt 0.97221 0.88656
vt 0.97759 0.90284
vt 0.97759 0.8873
vt 0.98931 0.8873
vt 0.98931 0.90284
vt 0.93842 0.90724
vt 0.95396 0.90724
vt 0.93842 0.91901
vt 0.95396 0.91901
vt 0.95457 0.89889
vt 0.93828 0.88713
vt 0.95457 0.88713
vt 0.93828 0.89889
vt 0.01062 0.36754
vt 0.07863 0.22872
vt 0.12791 0.36754
vt 0.12791 0.22872
vt 0.14626 0.41025
vt 0.02279 0.37418
vt 0.14626 0.37418
vt 0.02266 0.38762
vt 0.01099 0.22046
vt 0.01099 0.22872
vt 0.07863 0.22046
vt 0.12791 0.22046
vt 0.01547 0.37418
vt 0.01224 0.38321
vt 0.1223 0.20585
vt 0.1223 0.16265
vt 0.13378 0.20585
vt 0.13378 0.16265
vt 0.0681 0.20585
vt 0.0681 0.16265
vt 0.01026 0.16265
vt 0.01026 0.20585
vt 0.13378 0.2132
vt 0.1223 0.2132
vt 0.0681 0.2132
vt 0.01026 0.2132
vt 0.58764 0.20056
vt 0.59573 0.24139
vt 0.56857 0.24139
vt 0.56854 0.19735
vt 0.58373 0.19735
vt 0.58576 0.19782
vt 0.01916 0.10544
vt 0.1232 0.10544
vt 0.01916 0.15404
vt 0.13044 0.15404
vt 0.13044 0.11626
vt 0.12899 0.10921
vt 0.26585 0.10608
vt 0.15966 0.21587
vt 0.14075 0.10608
vt 0.26585 0.21587
vt 0.13983 0.16272
vt 0.1516 0.20762
vt 0.89195 0.9792
vt 0.90575 0.99383
vt 0.89195 0.99383
vt 0.90575 0.9792
vt 0.89211 0.9579
vt 0.90385 0.97419
vt 0.89211 0.97419
vt 0.90385 0.9579
vt 0.907 0.97473
vt 0.907 0.95919
vt 0.91872 0.95919
vt 0.91872 0.97473
vt 0.87109 0.97629
vt 0.88663 0.97629
vt 0.87109 0.98806
vt 0.88663 0.98806
vt 0.88724 0.97066
vt 0.87095 0.9589
vt 0.88724 0.9589
vt 0.87095 0.97066
vt 0.98279 0.48006
vt 0.8587 0.48006
vt 0.89519 0.46138
vt 0.98279 0.46138
vt 0.8587 0.46138
vt 0.98279 0.49832
vt 0.8587 0.49832
vt 0.98279 0.52141
vt 0.8587 0.52141
vt 0.8587 0.56024
vt 0.98279 0.56025
vt 0.53475 0.57545
vt 0.54972 0.57904
vt 0.53475 0.57904
vt 0.54972 0.57545
vt 0.56981 0.60627
vt 0.49227 0.60627
vt 0.56981 0.60283
vt 0.49227 0.60283
vt 0.55081 0.57285
vt 0.5329 0.56924
vt 0.55081 0.56924
vt 0.5329 0.57285
vt 0.46136 0.60627
vt 0.46136 0.60283
vt 0.51614 0.56924
vt 0.51614 0.57285
vt 0.51854 0.57904
vt 0.49752 0.57904
vt 0.49752 0.57545
vt 0.51854 0.57545
vt 0.46136 0.57285
vt 0.49537 0.56924
vt 0.49537 0.57285
vt 0.46136 0.56924
vt 0.46136 0.57545
vt 0.46136 0.57904
vt 0.48098 0.53379
vt 0.48098 0.5387
vt 0.47091 0.53379
vt 0.44658 0.5387
vt 0.44658 0.53379
vt 0.44658 0.54366
vt 0.48098 0.54366
vt 0.44658 0.54996
vt 0.48098 0.54996
vt 0.48098 0.56071
vt 0.44658 0.56071
vt 0.98426 0.57825
vt 0.85968 0.57825
vt 0.89686 0.56102
vt 0.98426 0.56102
vt 0.85968 0.56102
vt 0.98426 0.59795
vt 0.85968 0.59795
vt 0.98426 0.62096
vt 0.85968 0.62096
vt 0.85968 0.65964
vt 0.98426 0.65964
vt 0.53477 0.58416
vt 0.54974 0.58057
vt 0.54974 0.58416
vt 0.53477 0.58057
vt 0.57208 0.60008
vt 0.49412 0.59663
vt 0.57208 0.59663
vt 0.49412 0.60008
vt 0.54812 0.58926
vt 0.53369 0.58569
vt 0.54812 0.58569
vt 0.53369 0.58926
vt 0.46136 0.59663
vt 0.46136 0.60008
vt 0.51561 0.58569
vt 0.51561 0.58926
vt 0.51856 0.58416
vt 0.49752 0.58416
vt 0.49752 0.58057
vt 0.51856 0.58057
vt 0.46136 0.58926
vt 0.49576 0.58569
vt 0.49576 0.58926
vt 0.46136 0.58569
vt 0.46136 0.58057
vt 0.46136 0.58416
vt 0.52206 0.53382
vt 0.52206 0.5383
vt 0.51178 0.53382
vt 0.48753 0.5383
vt 0.48753 0.53382
vt 0.52206 0.54365
vt 0.48753 0.54365
vt 0.48753 0.54993
vt 0.52206 0.54993
vt 0.52206 0.56064
vt 0.48753 0.56064
vt 0.9397 0.71262
vt 0.98534 0.68844
vt 0.98534 0.71262
vt 0.9397 0.68844
vt 0.8587 0.68844
vt 0.8587 0.71262
vt 0.98534 0.66146
vt 0.9397 0.66146
vt 0.8587 0.66146
vt 0.48544 0.59102
vt 0.50583 0.59102
vt 0.50583 0.5945
vt 0.48544 0.5945
vt 0.50538 0.5631
vt 0.56988 0.5631
vt 0.50538 0.5668
vt 0.56988 0.5668
vt 0.50613 0.61276
vt 0.52794 0.6094
vt 0.52794 0.61276
vt 0.50613 0.6094
vt 0.46136 0.5668
vt 0.46136 0.5631
vt 0.48477 0.6094
vt 0.48477 0.61276
vt 0.53026 0.5945
vt 0.53026 0.59102
vt 0.52743 0.53338
vt 0.53998 0.54088
vt 0.52743 0.54088
vt 0.53998 0.53338
vt 0.56204 0.54746
vt 0.56204 0.54088
vt 0.53998 0.54746
vt 0.56204 0.53338
vt 0.52743 0.54746
vt 0.9397 0.74006
vt 0.98534 0.74006
vt 0.8587 0.74006
vt 0.46136 0.61276
vt 0.46136 0.6094
vt 0.46136 0.5945
vt 0.46136 0.59102
vt 0.53998 0.55469
vt 0.52743 0.55469
vt 0.56204 0.55469
usemtl m_main
f 1/1/1 2/2/2 3/3/3
f 2/2/2 1/1/1 4/4/4
f 5/5/5 6/6/6 7/7/7
f 6/6/6 5/5/5 8/8/6
f 9/9/8 10/10/9 4/4/4
f 4/4/4 1/1/1 9/9/8
f 11/11/10 7/7/7 12/12/11
f 7/7/7 11/11/10 5/5/5
f 10/10/9 9/9/8 13/13/12
f 10/10/9 13/13/12 14/14/13
f 15/15/14 16/16/14 11/11/10
f 15/15/14 11/11/10 12/12/11
f 14/14/13 17/17/15 18/18/16
f 17/17/15 14/14/13 13/13/12
f 19/19/17 16/16/14 20/20/17
f 20/20/17 16/16/14 15/15/14
f 21/21/18 20/20/17 22/22/18
f 20/20/17 21/21/18 19/19/17
f 23/23/19 24/24/20 25/25/20
f 23/23/19 25/25/20 26/26/19
f 27/27/21 28/28/22 29/29/22
f 28/28/22 27/27/21 30/30/23
f 31/31/24 32/32/25 33/33/25
f 32/32/25 31/31/24 34/34/26
f 35/35/27 36/36/28 37/37/29
f 36/36/28 35/35/27 38/38/30
f 39/39/31 40/40/32 41/41/33
f 42/42/32 41/41/33 40/40/32
f 43/43/34 38/38/30 35/35/27
f 38/38/30 43/43/34 44/44/35
f 45/45/36 43/43/34 46/46/37
f 43/43/34 45/45/36 44/44/35
f 47/47/38 45/45/36 46/46/37
f 47/47/38 46/46/37 48/48/39
f 49/49/40 47/47/38 48/48/39
f 48/48/39 50/50/41 49/49/40
f 50/50/41 51/51/42 49/49/40
f 51/51/42 50/50/41 52/52/43
f 53/53/44 54/54/45 55/55/46
f 55/55/46 56/56/47 57/57/48
f 56/56/47 55/55/46 54/54/45
f 58/58/49 59/59/50 60/60/51
f 59/59/50 58/58/49 61/61/52
f 62/62/53 56/56/47 54/54/45
f 56/56/47 62/62/53 63/63/54
f 64/64/55 65/65/55 58/58/49
f 65/65/55 61/61/52 58/58/49
f 2/2/2 62/62/53 3/3/3
f 62/62/53 2/2/2 63/63/54
f 8/8/6 64/64/55 6/6/6
f 64/64/55 8/8/6 65/65/55
f 17/17/15 66/66/56 67/67/57
f 68/68/58 69/69/59 70/70/60
f 69/69/59 68/68/58 71/71/61
f 72/72/62 73/73/63 74/74/64
f 73/73/63 72/72/62 75/75/65
f 73/73/63 76/76/66 74/74/64
f 76/76/66 73/73/63 77/77/67
f 76/76/66 78/78/68 79/79/69
f 78/78/68 76/76/66 77/77/67
f 79/79/69 80/80/70 81/81/71
f 79/79/69 78/78/68 80/80/70
f 82/82/72 81/81/71 80/80/70
f 80/80/70 83/83/73 82/82/72
f 83/83/73 84/84/74 82/82/72
f 84/84/74 83/83/73 85/85/75
f 84/84/74 86/86/76 87/87/77
f 86/86/76 84/84/74 85/85/75
f 86/86/76 88/88/78 87/87/77
f 88/88/78 86/86/76 89/89/79
f 27/27/21 90/90/80 30/30/23
f 90/90/80 27/27/21 91/91/81
f 92/92/82 70/70/60 69/69/59
f 93/93/83 94/94/84 95/95/85
f 94/94/84 93/93/83 96/96/86
f 95/95/85 94/94/84 97/97/87
f 98/98/88 97/97/87 94/94/84
f 99/99/89 100/100/90 101/101/91
f 102/102/92 99/99/89 103/103/93
f 102/102/92 103/103/93 104/104/92
f 105/105/94 39/39/31 106/106/94
f 39/39/31 41/41/33 106/106/94
f 103/103/93 99/99/89 101/101/91
f 107/107/95 108/108/96 109/109/97
f 110/110/98 111/111/99 112/112/100
f 113/113/101 114/114/102 110/110/98
f 110/110/98 114/114/102 111/111/99
f 113/113/101 115/115/103 114/114/102
f 113/113/101 116/116/104 115/115/103
f 116/116/104 113/113/101 117/117/105
f 117/117/105 113/113/101 118/118/106
f 118/118/106 119/119/107 117/117/105
f 118/118/106 120/120/108 119/119/107
f 118/118/106 107/107/95 120/120/108
f 118/118/106 108/108/96 107/107/95
f 108/108/96 121/121/109 109/109/97
f 121/121/109 122/122/96 123/123/110
f 121/121/109 108/108/96 122/122/96
f 124/124/111 123/123/110 122/122/96
f 74/74/64 76/76/66 125/125/112
f 125/125/112 76/76/66 126/126/113
f 74/74/64 125/125/112 72/72/62
f 18/18/16 112/112/100 14/14/13
f 10/10/9 112/112/100 111/111/99
f 112/112/100 10/10/9 14/14/13
f 10/10/9 111/111/99 4/4/4
f 111/111/99 114/114/102 4/4/4
f 114/114/102 2/2/2 4/4/4
f 2/2/2 114/114/102 115/115/103
f 116/116/104 2/2/2 115/115/103
f 2/2/2 116/116/104 63/63/54
f 116/116/104 117/117/105 63/63/54
f 56/56/47 63/63/54 117/117/105
f 57/57/48 117/117/105 119/119/107
f 117/117/105 57/57/48 56/56/47
f 51/51/42 119/119/107 120/120/108
f 51/51/42 57/57/48 119/119/107
f 49/49/40 51/51/42 107/107/95
f 107/107/95 51/51/42 120/120/108
f 109/109/97 49/49/40 107/107/95
f 49/49/40 109/109/97 47/47/38
f 121/121/109 47/47/38 109/109/97
f 47/47/38 121/121/109 45/45/36
f 121/121/109 44/44/35 45/45/36
f 44/44/35 121/121/109 123/123/110
f 38/38/30 123/123/110 124/124/111
f 38/38/30 44/44/35 123/123/110
f 38/38/30 124/124/111 36/36/28
f 88/88/78 127/127/114 87/87/77
f 128/128/115 87/87/77 127/127/114
f 87/87/77 128/128/115 84/84/74
f 82/82/72 128/128/115 129/129/116
f 128/128/115 82/82/72 84/84/74
f 81/81/71 129/129/116 130/130/117
f 129/129/116 81/81/71 82/82/72
f 79/79/69 81/81/71 131/131/118
f 131/131/118 81/81/71 130/130/117
f 79/79/69 126/126/113 76/76/66
f 126/126/113 79/79/69 131/131/118
f 88/88/78 89/89/79 132/132/119
f 18/18/16 17/17/15 67/67/57
f 71/71/61 75/75/65 72/72/62
f 75/75/65 71/71/61 68/68/58
f 51/51/42 52/52/43 57/57/48
f 52/52/43 55/55/46 57/57/48
f 133/133/7 7/7/7 6/6/6
f 133/133/7 6/6/6 134/134/6
f 135/135/11 12/12/11 7/7/7
f 135/135/11 7/7/7 133/133/7
f 15/15/14 135/135/11 136/136/14
f 135/135/11 15/15/14 12/12/11
f 137/137/17 20/20/17 136/136/14
f 20/20/17 15/15/14 136/136/14
f 138/138/120 22/22/18 20/20/17
f 138/138/120 20/20/17 137/137/17
f 26/26/19 139/139/121 23/23/19
f 140/140/121 23/23/19 139/139/121
f 141/141/122 28/28/22 142/142/123
f 28/28/22 141/141/122 29/29/22
f 31/31/24 143/143/124 144/144/124
f 31/31/24 144/144/124 34/34/26
f 40/40/32 145/145/125 146/146/126
f 146/146/126 42/42/32 40/40/32
f 58/58/49 147/147/127 148/148/128
f 147/147/127 58/58/49 60/60/51
f 64/64/55 58/58/49 149/149/55
f 149/149/55 58/58/49 148/148/128
f 134/134/6 6/6/6 64/64/55
f 134/134/6 64/64/55 149/149/55
f 141/141/122 150/150/129 151/151/129
f 150/150/129 141/141/122 142/142/123
f 93/93/83 152/152/130 96/96/86
f 152/152/130 93/93/83 153/153/131
f 153/153/131 154/154/132 152/152/130
f 155/155/133 152/152/130 154/154/132
f 156/156/134 157/157/135 158/158/136
f 156/156/134 102/102/92 159/159/137
f 159/159/137 102/102/92 104/104/92
f 160/160/138 145/145/125 161/161/138
f 145/145/125 160/160/138 146/146/126
f 159/159/137 157/157/135 156/156/134
f 162/162/139 163/163/140 164/164/141
f 37/37/29 165/165/142 166/166/142
f 165/165/142 37/37/29 36/36/28
f 89/89/79 167/167/143 132/132/119
f 167/167/143 89/89/79 168/168/143
f 169/169/144 163/163/140 162/162/139
f 163/163/140 169/169/144 170/170/144
f 94/94/84 171/171/145 98/98/88
f 98/98/88 171/171/145 172/172/146
f 94/94/84 96/96/86 173/173/147
f 94/94/84 173/173/147 171/171/145
f 152/152/130 173/173/147 96/96/86
f 173/173/147 152/152/130 174/174/148
f 155/155/133 174/174/148 152/152/130
f 174/174/148 155/155/133 175/175/149
f 176/176/150 177/177/151 178/178/150
f 177/177/151 176/176/150 179/179/152
f 180/180/153 177/177/151 179/179/152
f 177/177/151 180/180/153 181/181/154
f 182/182/155 181/181/154 180/180/153
f 181/181/154 182/182/155 183/183/156
f 184/184/157 183/183/156 185/185/158
f 185/185/158 183/183/156 182/182/155
f 186/186/159 184/184/157 185/185/158
f 184/184/157 186/186/159 187/187/160
f 188/188/161 186/186/159 189/189/161
f 186/186/159 188/188/161 187/187/160
f 190/190/162 191/191/163 192/192/164
f 191/191/163 190/190/162 193/193/165
f 194/194/166 195/195/167 196/196/168
f 197/197/169 198/198/170 192/192/164
f 192/192/164 198/198/170 190/190/162
f 194/194/166 196/196/168 199/199/171
f 200/200/172 201/201/173 197/197/169
f 197/197/169 201/201/173 198/198/170
f 202/202/174 203/203/175 204/204/176
f 200/200/172 205/205/177 201/201/173
f 205/205/177 200/200/172 206/206/178
f 207/207/179 208/208/180 209/209/181
f 208/208/180 207/207/179 210/210/182
f 211/211/183 212/212/184 213/213/185
f 212/212/184 211/211/183 214/214/186
f 215/215/187 210/210/182 207/207/179
f 210/210/182 215/215/187 216/216/188
f 217/217/189 218/218/190 219/219/191
f 209/209/181 208/208/180 220/220/192
f 208/208/180 221/221/193 220/220/192
f 222/222/194 223/223/195 203/203/175
f 224/224/196 225/225/196 215/215/187
f 225/225/196 216/216/188 215/215/187
f 226/226/197 203/203/175 202/202/174
f 221/221/193 227/227/198 220/220/192
f 227/227/198 221/221/193 228/228/199
f 229/229/200 230/230/201 231/231/202
f 230/230/201 229/229/200 232/232/203
f 233/233/204 234/234/205 235/235/205
f 234/234/205 233/233/204 236/236/206
f 237/237/207 238/238/208 239/239/209
f 227/227/198 240/240/210 241/241/211
f 240/240/210 227/227/198 228/228/199
f 239/239/209 242/242/212 237/237/207
f 242/242/212 239/239/209 243/243/213
f 236/236/206 244/244/214 245/245/215
f 244/244/214 236/236/206 233/233/204
f 246/246/216 242/242/212 243/243/213
f 246/246/216 243/243/213 247/247/217
f 248/248/218 249/249/219 250/250/220
f 249/249/219 248/248/218 251/251/218
f 252/252/221 240/240/210 253/253/222
f 240/240/210 252/252/221 241/241/211
f 254/254/223 246/246/216 255/255/224
f 246/246/216 247/247/217 255/255/224
f 256/256/225 249/249/219 257/257/226
f 249/249/219 256/256/225 250/250/220
f 258/258/227 244/244/214 259/259/228
f 244/244/214 258/258/227 245/245/215
f 260/260/229 254/254/223 261/261/230
f 261/261/230 254/254/223 255/255/224
f 262/262/231 257/257/226 263/263/232
f 257/257/226 262/262/231 256/256/225
f 264/264/233 253/253/222 265/265/234
f 253/253/222 264/264/233 252/252/221
f 266/266/235 260/260/229 261/261/230
f 260/260/229 266/266/235 267/267/236
f 268/268/237 263/263/232 269/269/238
f 263/263/232 268/268/237 262/262/231
f 259/259/228 270/270/239 258/258/227
f 258/258/227 270/270/239 271/271/240
f 267/267/236 266/266/235 272/272/241
f 272/272/241 273/273/242 267/267/236
f 274/274/243 269/269/238 275/275/244
f 269/269/238 274/274/243 268/268/237
f 271/271/240 264/264/233 265/265/234
f 264/264/233 271/271/240 270/270/239
f 276/276/245 277/277/246 278/278/247
f 279/279/248 274/274/243 280/280/248
f 280/280/248 274/274/243 275/275/244
f 281/281/249 202/202/174 204/204/176
f 277/277/246 282/282/250 278/278/247
f 282/282/250 277/277/246 283/283/251
f 284/284/252 285/285/253 286/286/254
f 287/287/255 282/282/250 288/288/255
f 282/282/250 287/287/255 278/278/247
f 204/204/176 203/203/175 289/289/256
f 191/191/163 287/287/255 288/288/255
f 287/287/255 191/191/163 193/193/165
f 290/290/254 291/291/254 286/286/254
f 205/205/177 292/292/257 293/293/258
f 211/211/183 217/217/189 219/219/191
f 217/217/189 211/211/183 213/213/185
f 294/294/259 295/295/260 196/196/168
f 296/296/261 195/195/167 194/194/166
f 297/297/262 298/298/263 299/299/264
f 298/298/263 297/297/262 300/300/265
f 296/296/261 298/298/263 195/195/167
f 298/298/263 296/296/261 299/299/264
f 295/295/260 199/199/171 196/196/168
f 301/301/266 302/302/267 303/303/268
f 301/301/266 303/303/268 304/304/269
f 305/305/270 306/306/271 307/307/272
f 306/306/271 305/305/270 308/308/273
f 307/307/272 309/309/274 305/305/270
f 305/305/270 309/309/274 310/310/275
f 309/309/274 311/311/276 310/310/275
f 311/311/276 309/309/274 312/312/277
f 312/312/277 313/313/278 311/311/276
f 312/312/277 314/314/279 313/313/278
f 314/314/279 315/315/280 313/313/278
f 316/316/281 313/313/278 315/315/280
f 316/316/281 317/317/282 318/318/283
f 317/317/282 316/316/281 315/315/280
f 317/317/282 319/319/284 318/318/283
f 319/319/284 317/317/282 320/320/285
f 321/321/286 319/319/284 320/320/285
f 319/319/284 321/321/286 229/229/200
f 230/230/201 322/322/287 231/231/202
f 231/231/202 322/322/287 323/323/287
f 324/324/288 303/303/268 302/302/267
f 285/285/253 325/325/254 286/286/254
f 326/326/289 238/238/208 327/327/289
f 238/238/208 237/237/207 327/327/289
f 328/328/254 290/290/254 286/286/254
f 329/329/290 330/330/291 331/331/292
f 330/330/291 329/329/290 332/332/293
f 325/325/254 333/333/254 286/286/254
f 330/330/291 334/334/294 331/331/292
f 334/334/294 330/330/291 335/335/295
f 335/335/295 336/336/296 334/334/294
f 335/335/295 337/337/297 336/336/296
f 333/333/254 338/338/254 286/286/254
f 336/336/296 339/339/298 340/340/299
f 339/339/298 336/336/296 337/337/297
f 339/339/298 341/341/300 340/340/299
f 341/341/300 339/339/298 342/342/301
f 338/338/254 343/343/254 286/286/254
f 342/342/301 344/344/302 341/341/300
f 344/344/302 342/342/301 345/345/303
f 346/346/304 344/344/302 345/345/303
f 344/344/302 346/346/304 347/347/305
f 343/343/254 348/348/254 286/286/254
f 349/349/306 350/350/307 347/347/305
f 349/349/306 347/347/305 346/346/304
f 351/351/308 349/349/306 352/352/309
f 349/349/306 351/351/308 350/350/307
f 348/348/254 353/353/254 286/286/254
f 354/354/310 355/355/311 356/356/312
f 355/355/311 354/354/310 357/357/310
f 356/356/312 355/355/311 358/358/313
f 356/356/312 358/358/313 359/359/314
f 353/353/254 360/360/254 286/286/254
f 358/358/313 361/361/315 359/359/314
f 361/361/315 358/358/313 362/362/316
f 361/361/315 362/362/316 332/332/293
f 361/361/315 332/332/293 329/329/290
f 360/360/254 328/328/254 286/286/254
f 218/218/190 295/295/260 294/294/259
f 363/363/254 364/364/254 365/365/254
f 366/366/317 367/367/318 368/368/319
f 369/369/320 366/366/317 370/370/321
f 366/366/317 368/368/319 370/370/321
f 369/369/320 370/370/321 371/371/322
f 369/369/320 371/371/322 372/372/323
f 373/373/324 369/369/320 372/372/323
f 369/369/320 373/373/324 374/374/325
f 374/374/325 373/373/324 375/375/326
f 374/374/325 375/375/326 376/376/327
f 374/374/325 376/376/327 363/363/254
f 374/374/325 363/363/254 365/365/254
f 365/365/254 364/364/254 377/377/254
f 377/377/254 378/378/254 365/365/254
f 378/378/254 377/377/254 379/379/254
f 380/380/328 378/378/254 379/379/254
f 381/381/329 309/309/274 307/307/272
f 309/309/274 381/381/329 382/382/330
f 307/307/272 306/306/271 381/381/329
f 383/383/331 384/384/332 385/385/333
f 386/386/334 385/385/333 387/387/335
f 385/385/333 384/384/332 387/387/335
f 387/387/335 388/388/336 386/386/334
f 386/386/334 388/388/336 389/389/337
f 388/388/336 390/390/338 389/389/337
f 389/389/337 390/390/338 391/391/339
f 391/391/339 390/390/338 392/392/340
f 390/390/338 393/393/341 392/392/340
f 392/392/340 393/393/341 394/394/342
f 393/393/341 395/395/343 394/394/342
f 396/396/344 394/394/342 395/395/343
f 394/394/342 396/396/344 397/397/345
f 398/398/346 397/397/345 396/396/344
f 398/398/346 399/399/347 397/397/345
f 400/400/348 398/398/346 401/401/349
f 398/398/346 400/400/348 399/399/347
f 402/402/350 401/401/349 403/403/351
f 401/401/349 402/402/350 400/400/348
f 404/404/352 403/403/351 405/405/353
f 403/403/351 404/404/352 402/402/350
f 406/406/354 404/404/352 405/405/353
f 404/404/352 406/406/354 407/407/355
f 408/408/356 407/407/355 406/406/354
f 408/408/356 409/409/357 407/407/355
f 408/408/356 410/410/358 409/409/357
f 321/321/286 320/320/285 411/411/359
f 412/412/360 320/320/285 317/317/282
f 320/320/285 412/412/360 411/411/359
f 315/315/280 412/412/360 317/317/282
f 412/412/360 315/315/280 413/413/361
f 314/314/279 413/413/361 315/315/280
f 413/413/361 314/314/279 414/414/362
f 312/312/277 415/415/363 314/314/279
f 415/415/363 414/414/362 314/314/279
f 309/309/274 382/382/330 312/312/277
f 382/382/330 415/415/363 312/312/277
f 321/321/286 232/232/203 229/229/200
f 223/223/195 289/289/256 203/203/175
f 206/206/178 292/292/257 205/205/177
f 304/304/269 308/308/273 301/301/266
f 308/308/273 304/304/269 306/306/271
f 223/223/195 212/212/184 214/214/186
f 223/223/195 214/214/186 416/416/364
f 272/272/241 283/283/251 273/273/242
f 273/273/242 283/283/251 277/277/246
f 223/223/195 416/416/364 289/289/256
f 297/297/262 202/202/174 417/417/365
f 202/202/174 281/281/249 417/417/365
f 417/417/365 300/300/265 297/297/262
f 294/294/259 219/219/191 218/218/190
f 418/418/366 419/419/367 420/420/368
f 419/419/367 418/418/366 421/421/366
f 422/422/369 419/419/367 423/423/370
f 419/419/367 422/422/369 420/420/368
f 424/424/371 422/422/369 423/423/370
f 424/424/371 423/423/370 425/425/371
f 426/426/372 427/427/373 428/428/374
f 426/426/372 428/428/374 429/429/375
f 430/430/376 426/426/372 431/431/376
f 426/426/372 430/430/376 427/427/373
f 432/432/377 433/433/378 434/434/379
f 433/433/378 432/432/377 435/435/380
f 436/436/381 437/437/381 438/438/381
f 436/436/381 438/438/381 439/439/381
f 440/440/382 441/441/383 442/442/383
f 441/441/383 440/440/382 443/443/384
f 444/444/385 445/445/386 446/446/385
f 445/445/386 444/444/385 447/447/387
f 443/443/384 448/448/388 449/449/389
f 448/448/388 443/443/384 440/440/382
f 450/450/390 448/448/388 451/451/390
f 448/448/388 450/450/390 449/449/389
f 452/452/391 453/453/391 454/454/391
f 455/455/391 454/454/391 453/453/391
f 456/456/392 457/457/393 458/458/393
f 457/457/393 456/456/392 459/459/394
f 460/460/395 461/461/396 462/462/396
f 461/461/396 460/460/395 463/463/397
f 464/464/398 465/465/399 466/466/398
f 465/465/399 464/464/398 467/467/400
f 460/460/395 465/465/399 463/463/397
f 463/463/397 465/465/399 467/467/400
f 465/465/399 460/460/395 468/468/401
f 465/465/399 468/468/401 469/469/402
f 468/468/401 470/470/403 469/469/402
f 470/470/403 468/468/401 471/471/403
f 472/472/404 473/473/405 474/474/406
f 473/473/405 472/472/404 475/475/407
f 433/433/378 473/473/405 475/475/407
f 435/435/380 473/473/405 433/433/378
f 474/474/406 434/434/379 472/472/404
f 434/434/379 474/474/406 432/432/377
f 476/476/408 477/477/409 478/478/408
f 477/477/409 479/479/410 478/478/408
f 477/477/409 447/447/387 479/479/410
f 447/447/387 477/477/409 445/445/386
f 480/480/411 481/481/412 459/459/394
f 480/480/411 459/459/394 456/456/392
f 482/482/413 483/483/413 480/480/411
f 480/480/411 483/483/413 481/481/412
f 484/484/414 485/485/414 486/486/414
f 486/486/414 485/485/414 487/487/414
f 488/488/415 489/489/415 490/490/415
f 489/489/415 488/488/415 491/491/415
f 492/492/416 493/493/416 494/494/416
f 493/493/416 492/492/416 495/495/416
f 496/496/417 497/497/417 498/498/417
f 497/497/417 496/496/417 499/499/417
f 500/500/418 501/501/419 502/502/420
f 502/502/420 501/501/419 503/503/420
f 504/504/421 501/501/419 500/500/418
f 501/501/419 504/504/421 505/505/422
f 506/506/423 507/507/424 508/508/425
f 507/507/424 506/506/423 509/509/426
f 510/510/427 511/511/428 512/512/429
f 512/512/429 511/511/428 513/513/430
f 514/514/431 506/506/423 515/515/432
f 506/506/423 514/514/431 509/509/426
f 516/516/433 517/517/434 518/518/435
f 517/517/434 516/516/433 519/519/436
f 520/520/437 505/505/422 504/504/421
f 505/505/422 520/520/437 521/521/437
f 522/522/438 523/523/439 524/524/439
f 523/523/439 522/522/438 525/525/438
f 513/513/430 526/526/440 527/527/441
f 526/526/440 513/513/430 511/511/428
f 528/528/442 524/524/439 523/523/439
f 528/528/442 523/523/439 529/529/442
f 530/530/443 518/518/435 517/517/434
f 530/530/443 517/517/434 531/531/443
f 532/532/444 533/533/444 510/510/427
f 532/532/444 510/510/427 512/512/429
f 508/508/425 534/534/445 506/506/423
f 535/535/446 506/506/423 534/534/445
f 507/507/424 536/536/447 537/537/448
f 509/509/426 514/514/431 538/538/449
f 538/538/449 536/536/447 509/509/426
f 509/509/426 536/536/447 507/507/424
f 508/508/425 537/537/448 539/539/450
f 537/537/448 508/508/425 507/507/424
f 539/539/450 540/540/451 508/508/425
f 508/508/425 540/540/451 534/534/445
f 506/506/423 535/535/446 515/515/432
f 541/541/452 515/515/432 535/535/446
f 542/542/453 543/543/454 544/544/455
f 542/542/453 544/544/455 545/545/455
f 520/520/437 542/542/453 521/521/437
f 542/542/453 520/520/437 543/543/454
f 535/535/446 546/546/456 547/547/457
f 535/535/446 534/534/445 546/546/456
f 548/548/458 549/549/459 550/550/460
f 550/550/460 551/551/461 548/548/458
f 552/552/462 535/535/446 547/547/457
f 535/535/446 552/552/462 541/541/452
f 551/551/461 553/553/463 548/548/458
f 553/553/463 551/551/461 554/554/463
f 555/555/464 525/525/438 522/522/438
f 525/525/438 555/555/464 556/556/464
f 557/557/465 519/519/436 516/516/433
f 519/519/436 557/557/465 558/558/465
f 559/559/466 549/549/459 560/560/466
f 549/549/459 559/559/466 550/550/460
f 546/546/456 561/561/467 562/562/468
f 547/547/457 563/563/469 552/552/462
f 547/547/457 562/562/468 563/563/469
f 562/562/468 547/547/457 546/546/456
f 561/561/467 534/534/445 540/540/451
f 534/534/445 561/561/467 546/546/456
f 564/564/470 565/565/471 566/566/472
f 566/566/472 567/567/470 564/564/470
f 568/568/473 566/566/472 565/565/471
f 565/565/471 569/569/474 568/568/473
f 569/569/474 570/570/475 568/568/473
f 570/570/475 569/569/474 571/571/475
f 572/572/476 573/573/476 574/574/476
f 575/575/476 574/574/476 573/573/476
f 576/576/477 577/577/478 578/578/479
f 577/577/478 576/576/477 579/579/477
f 577/577/478 580/580/480 578/578/479
f 578/578/479 580/580/480 581/581/480
f 582/582/481 583/583/482 584/584/481
f 584/584/481 583/583/482 585/585/482
f 585/585/482 586/586/483 587/587/483
f 586/586/483 585/585/482 583/583/482
f 587/587/483 586/586/483 588/588/484
f 586/586/483 589/589/484 588/588/484
f 590/590/485 591/591/486 592/592/487
f 593/593/485 591/591/486 590/590/485
f 591/591/486 594/594/488 592/592/487
f 592/592/487 594/594/488 595/595/489
f 595/595/489 596/596/490 597/597/490
f 596/596/490 595/595/489 594/594/488
f 598/598/491 599/599/492 600/600/493
f 599/599/492 598/598/491 601/601/494
f 601/601/494 602/602/495 599/599/492
f 602/602/495 601/601/494 603/603/496
f 602/602/495 604/604/497 605/605/498
f 604/604/497 602/602/495 603/603/496
f 604/604/497 606/606/499 605/605/498
f 606/606/499 604/604/497 607/607/500
f 606/606/499 607/607/500 608/608/501
f 606/606/499 608/608/501 609/609/502
f 610/610/503 608/608/501 611/611/504
f 608/608/501 610/610/503 609/609/502
f 608/608/501 612/612/505 611/611/504
f 612/612/505 608/608/501 613/613/506
f 608/608/501 607/607/500 614/614/507
f 614/614/507 613/613/506 608/608/501
f 604/604/497 614/614/507 607/607/500
f 614/614/507 604/604/497 615/615/508
f 604/604/497 603/603/496 615/615/508
f 616/616/509 615/615/508 603/603/496
f 616/616/509 601/601/494 617/617/510
f 601/601/494 616/616/509 603/603/496
f 601/601/494 618/618/511 617/617/510
f 601/601/494 598/598/491 618/618/511
f 619/619/512 600/600/493 599/599/492
f 619/619/512 599/599/492 620/620/513
f 620/620/513 602/602/495 621/621/514
f 602/602/495 620/620/513 599/599/492
f 602/602/495 622/622/515 621/621/514
f 622/622/515 602/602/495 605/605/498
f 622/622/515 606/606/499 623/623/516
f 606/606/499 622/622/515 605/605/498
f 606/606/499 624/624/517 623/623/516
f 624/624/517 606/606/499 609/609/502
f 610/610/503 624/624/517 609/609/502
f 624/624/517 610/610/503 625/625/518
f 626/626/519 624/624/517 625/625/518
f 624/624/517 626/626/519 627/627/520
f 623/623/516 624/624/517 628/628/521
f 628/628/521 624/624/517 627/627/520
f 622/622/515 628/628/521 629/629/522
f 628/628/521 622/622/515 623/623/516
f 621/621/514 629/629/522 630/630/523
f 629/629/522 621/621/514 622/622/515
f 620/620/513 630/630/523 631/631/524
f 630/630/523 620/620/513 621/621/514
f 631/631/524 632/632/525 620/620/513
f 632/632/525 619/619/512 620/620/513
f 633/633/526 634/634/527 635/635/526
f 634/634/527 633/633/526 636/636/527
f 637/637/528 638/638/528 639/639/528
f 638/638/528 637/637/528 640/640/528
f 641/641/529 642/642/529 643/643/530
f 641/641/529 643/643/530 644/644/529
f 645/645/531 646/646/531 647/647/531
f 647/647/531 646/646/531 648/648/531
f 649/649/532 650/650/532 651/651/532
f 650/650/532 649/649/532 652/652/533
f 653/633/534 654/634/534 655/635/534
f 654/634/534 653/633/534 656/636/534
f 657/637/528 658/638/528 659/639/528
f 658/638/528 657/637/528 660/640/528
f 661/641/535 662/642/535 663/643/535
f 661/641/535 663/643/535 664/644/535
f 665/645/536 666/646/536 667/647/536
f 667/647/536 666/646/536 668/648/536
f 669/649/537 670/650/537 671/651/537
f 670/650/537 669/649/537 672/652/537
f 673/633/538 674/634/538 675/635/538
f 674/634/538 673/633/538 676/636/538
f 677/637/528 678/638/528 679/639/528
f 678/638/528 677/637/528 680/640/528
f 681/641/539 682/642/539 683/643/539
f 681/641/539 683/643/539 684/644/539
f 685/645/540 686/646/540 687/647/540
f 687/647/540 686/646/540 688/648/540
f 689/649/541 690/650/541 691/651/541
f 690/650/541 689/649/541 692/652/541
f 693/653/538 694/654/538 695/655/538
f 694/654/538 693/653/538 696/656/538
f 697/657/528 698/658/528 699/659/528
f 698/658/528 697/657/528 700/660/528
f 701/661/542 702/662/542 703/663/542
f 701/661/542 703/663/542 704/664/542
f 705/665/531 706/666/531 707/667/531
f 707/667/531 706/666/531 708/668/531
f 709/669/532 710/670/532 711/671/532
f 710/670/532 709/669/532 712/672/532
f 713/673/543 714/674/543 715/675/543
f 714/674/543 713/673/543 716/676/543
f 717/677/544 718/678/544 719/679/544
f 718/678/544 717/677/544 720/680/544
f 721/681/545 722/682/546 723/683/546
f 721/681/545 723/683/546 724/684/545
f 725/685/547 726/686/547 727/687/547
f 727/687/547 726/686/547 728/688/547
f 729/689/548 730/690/548 731/691/548
f 730/690/548 729/689/548 732/692/548
f 733/673/549 734/674/549 735/675/549
f 734/674/549 733/673/549 736/676/549
f 737/677/544 738/678/544 739/679/544
f 738/678/544 737/677/544 740/680/544
f 741/681/550 742/682/550 743/683/550
f 741/681/550 743/683/550 744/684/550
f 745/685/551 746/686/551 747/687/551
f 747/687/551 746/686/551 748/688/551
f 749/689/552 750/690/552 751/691/552
f 750/690/552 749/689/552 752/692/552
f 753/653/553 754/654/553 755/655/553
f 754/654/553 753/653/553 756/656/553
f 757/657/554 758/658/554 759/659/554
f 758/658/554 757/657/554 760/660/554
f 761/661/555 762/662/555 763/663/555
f 761/661/555 763/663/555 764/664/555
f 765/665/556 766/666/556 767/667/556
f 767/667/556 766/666/556 768/668/556
f 769/669/557 770/670/557 771/671/557
f 770/670/557 769/669/557 772/672/557
f 773/633/538 774/634/538 775/635/538
f 774/634/538 773/633/538 776/636/538
f 777/637/554 778/638/554 779/639/554
f 778/638/554 777/637/554 780/640/554
f 781/641/558 782/642/558 783/643/559
f 781/641/558 783/643/559 784/644/558
f 785/645/560 786/646/560 787/647/560
f 787/647/560 786/646/560 788/648/560
f 789/649/561 790/650/561 791/651/561
f 790/650/561 789/649/561 792/652/561
f 793/673/562 794/674/562 795/675/562
f 794/674/562 793/673/562 796/676/562
f 797/677/544 798/678/544 799/679/544
f 798/678/544 797/677/544 800/680/544
f 801/681/563 802/682/563 803/683/563
f 801/681/563 803/683/563 804/684/563
f 805/685/564 806/686/564 807/687/564
f 807/687/564 806/686/564 808/688/564
f 809/689/565 810/690/565 811/691/565
f 810/690/565 809/689/565 812/692/565
f 813/693/566 814/694/567 815/695/567
f 813/693/566 815/695/567 816/696/568
f 816/696/568 817/697/569 813/693/566
f 817/697/569 816/696/568 818/698/570
f 819/699/571 817/697/569 818/698/570
f 817/697/569 819/699/571 820/700/572
f 821/701/573 820/700/572 819/699/571
f 820/700/572 821/701/573 822/702/574
f 822/702/574 823/703/575 824/704/576
f 821/701/573 823/703/575 822/702/574
f 824/704/576 823/703/575 825/705/577
f 825/705/577 823/703/575 826/706/578
f 825/705/577 827/707/579 828/708/580
f 827/707/579 825/705/577 826/706/578
f 828/708/580 827/707/579 829/709/581
f 829/709/581 830/710/582 828/708/580
f 829/709/581 831/711/583 830/710/582
f 830/710/582 831/711/583 832/712/583
f 833/713/584 834/714/585 835/715/585
f 834/714/585 833/713/584 836/716/586
f 837/717/587 838/718/588 839/719/587
f 838/718/588 837/717/587 840/720/589
f 840/720/589 841/721/590 838/718/588
f 841/721/590 840/720/589 842/722/590
f 843/723/591 844/724/592 845/725/591
f 844/724/592 843/723/591 846/726/593
f 844/724/592 847/727/594 848/728/595
f 847/727/594 844/724/592 846/726/593
f 847/727/594 849/729/596 848/728/595
f 849/729/596 847/727/594 850/730/597
f 850/730/597 851/731/598 849/729/596
f 851/731/598 850/730/597 852/732/599
f 851/731/598 853/733/600 854/734/600
f 853/733/600 851/731/598 852/732/599
f 855/735/601 836/716/586 833/713/584
f 836/716/586 855/735/601 856/736/601
f 857/737/602 858/738/603 859/739/604
f 858/738/603 857/737/602 860/740/605
f 861/741/606 857/737/602 859/739/604
f 862/742/607 863/743/608 864/744/609
f 865/745/610 866/746/611 867/747/612
f 861/741/606 859/739/604 868/748/613
f 869/749/614 862/742/607 864/744/609
f 868/748/613 859/739/604 865/745/610
f 867/747/612 864/744/609 863/743/608
f 870/750/615 869/749/614 871/751/616
f 864/744/609 871/751/616 869/749/614
f 872/752/617 864/744/609 866/746/611
f 864/744/609 872/752/617 871/751/616
f 864/744/609 867/747/612 866/746/611
f 859/739/604 866/746/611 865/745/610
f 858/738/603 866/746/611 859/739/604
f 866/746/611 858/738/603 872/752/617
f 873/753/618 874/754/619 875/755/620
f 875/755/620 874/754/619 876/756/621
f 877/757/622 873/753/618 878/758/623
f 873/753/618 877/757/622 874/754/619
f 879/759/624 880/760/625 881/761/626
f 881/761/626 880/760/625 882/762/627
f 883/763/628 880/760/625 879/759/624
f 880/760/625 883/763/628 884/764/629
f 885/765/630 884/764/629 883/763/628
f 884/764/629 885/765/630 886/766/631
f 887/767/632 888/768/633 885/765/630
f 888/768/633 886/766/631 885/765/630
f 889/769/634 890/770/635 891/771/636
f 890/770/635 889/769/634 892/772/637
f 893/773/638 889/769/634 891/771/636
f 889/769/634 893/773/638 894/774/639
f 895/775/640 894/774/639 893/773/638
f 894/774/639 895/775/640 896/776/641
f 897/777/642 875/755/620 898/778/643
f 875/755/620 897/777/642 873/753/618
f 899/779/644 873/753/618 897/777/642
f 873/753/618 899/779/644 878/758/623
f 900/780/645 881/761/626 901/781/646
f 881/761/626 900/780/645 879/759/624
f 902/782/647 879/759/624 900/780/645
f 879/759/624 902/782/647 883/763/628
f 903/783/648 883/763/628 902/782/647
f 883/763/628 903/783/648 885/765/630
f 903/783/648 904/784/649 885/765/630
f 904/784/649 887/767/632 885/765/630
f 905/785/650 890/770/635 906/786/651
f 890/770/635 905/785/650 891/771/636
f 907/787/652 891/771/636 905/785/650
f 891/771/636 907/787/652 893/773/638
f 895/775/640 907/787/652 908/788/653
f 907/787/652 895/775/640 893/773/638
f 909/789/654 910/790/655 911/791/656
f 909/789/654 911/791/656 912/792/657
f 912/792/657 911/791/656 913/793/658
f 914/794/659 915/795/659 916/796/659
f 917/797/660 918/798/659 919/799/661
f 920/800/662 917/797/660 919/799/661
f 911/791/656 920/800/662 919/799/661
f 920/800/662 911/791/656 910/790/655
f 915/795/659 921/801/659 922/802/659
f 922/802/659 916/796/659 915/795/659
f 923/803/663 924/804/664 925/805/663
f 926/806/664 925/805/663 924/804/664
f 927/807/659 928/808/659 929/809/659
f 928/808/659 927/807/659 930/810/659
f 931/811/665 932/812/666 933/813/667
f 934/814/668 935/815/669 936/816/670
f 935/815/669 937/817/671 936/816/670
f 938/818/672 939/819/673 940/820/674
f 938/818/672 940/820/674 941/821/674
f 939/819/673 938/818/672 942/822/675
f 943/823/676 942/822/675 944/824/676
f 942/822/675 943/823/676 939/819/673
f 945/825/677 946/826/678 947/827/679
f 948/828/680 946/826/678 945/825/677
f 945/825/677 949/829/681 948/828/680
f 932/812/666 950/830/682 951/831/682
f 950/830/682 932/812/666 931/811/665
f 952/832/683 953/833/684 954/834/685
f 953/833/684 952/832/683 937/817/671
f 955/835/686 956/836/687 957/837/688
f 956/836/687 955/835/686 958/838/689
f 959/839/690 960/840/691 955/835/686
f 959/839/690 955/835/686 957/837/688
f 961/841/692 960/840/691 962/842/693
f 962/842/693 960/840/691 959/839/690
f 961/841/692 962/842/693 963/843/694
f 964/844/695 963/843/694 962/842/693
f 965/845/696 966/846/697 967/847/698
f 966/846/697 965/845/696 968/848/699
f 965/845/696 969/849/700 968/848/699
f 969/849/700 965/845/696 970/850/701
f 971/851/702 972/852/703 966/846/697
f 967/847/698 966/846/697 972/852/703
f 973/853/704 974/854/705 975/855/705
f 974/854/705 973/853/704 976/856/706
f 975/855/705 977/857/643 978/858/643
f 977/857/643 975/855/705 974/854/705
f 978/858/643 977/857/643 979/859/705
f 978/858/643 979/859/705 980/860/705
f 976/856/706 981/861/707 982/862/708
f 981/861/707 976/856/706 973/853/704
f 958/838/689 955/835/686 983/863/709
f 984/864/710 955/835/686 960/840/691
f 955/835/686 984/864/710 985/865/711
f 984/864/710 960/840/691 986/866/712
f 961/841/692 986/866/712 960/840/691
f 963/843/694 987/867/713 986/866/712
f 963/843/694 986/866/712 961/841/692
f 988/868/714 971/851/702 966/846/697
f 971/851/702 988/868/714 989/869/715
f 990/870/716 966/846/697 968/848/699
f 966/846/697 990/870/716 988/868/714
f 969/849/700 990/870/716 968/848/699
f 990/870/716 969/849/700 991/871/717
f 992/872/718 993/873/719 994/874/720
f 995/875/721 996/876/722 997/877/723
f 996/876/722 995/875/721 998/878/724
f 999/879/725 996/876/722 1000/880/726
f 996/876/722 999/879/725 997/877/723
f 999/879/725 1000/880/726 1001/881/727
f 1002/882/728 985/865/711 1003/883/729
f 1000/880/726 994/874/720 993/873/719
f 1000/880/726 993/873/719 1004/884/730
f 1001/881/727 1000/880/726 1005/885/731
f 1005/885/731 1000/880/726 1004/884/730
f 1006/886/732 986/866/712 987/867/713
f 986/866/712 1006/886/732 1007/887/733
f 999/879/725 1008/888/734 1009/889/735
f 1009/889/735 997/877/723 999/879/725
f 997/877/723 1009/889/735 1010/890/736
f 1011/891/737 997/877/723 1010/890/736
f 997/877/723 1011/891/737 995/875/721
f 1012/892/738 992/872/718 998/878/724
f 994/874/720 998/878/724 992/872/718
f 1002/882/728 1003/883/729 1013/893/739
f 984/864/710 1014/894/740 1003/883/729
f 984/864/710 1003/883/729 985/865/711
f 1014/894/740 986/866/712 1007/887/733
f 986/866/712 1014/894/740 984/864/710
f 1001/881/727 1008/888/734 999/879/725
f 1008/888/734 1001/881/727 1005/885/731
f 1015/895/741 989/869/715 988/868/714
f 989/869/715 1015/895/741 1016/896/742
f 990/870/716 1015/895/741 988/868/714
f 1015/895/741 990/870/716 1017/897/743
f 1018/898/744 990/870/716 991/871/717
f 990/870/716 1018/898/744 1017/897/743
f 946/826/678 992/872/718 1012/892/738
f 992/872/718 946/826/678 948/828/680
f 994/874/720 1000/880/726 996/876/722
f 994/874/720 996/876/722 998/878/724
f 1002/882/728 983/863/709 985/865/711
f 955/835/686 985/865/711 983/863/709
f 937/817/671 952/832/683 1019/899/745
f 1019/899/745 952/832/683 1020/900/746
f 1021/901/747 1022/902/748 1023/903/748
f 1023/903/748 1024/904/749 1021/901/747
f 1025/905/750 1026/906/751 1027/907/750
f 1026/906/751 1025/905/750 1028/908/752
f 1029/909/753 1030/910/754 1031/911/754
f 1029/909/753 1031/911/754 1032/912/753
f 1033/913/755 1034/914/756 1035/915/756
f 1034/914/756 1033/913/755 1036/916/755
f 1037/917/757 1038/918/758 1039/919/757
f 1038/918/758 1037/917/757 1040/920/758
f 982/862/708 1041/921/759 976/856/706
f 1041/921/759 982/862/708 1042/922/759
f 981/861/707 1043/923/760 1044/924/760
f 1043/923/760 981/861/707 973/853/704
f 1045/925/761 1046/926/762 1047/927/762
f 1045/925/761 1047/927/762 1048/928/761
f 1049/929/763 1050/930/763 1051/931/763
f 1049/929/763 1051/931/763 1052/932/763
f 1053/933/764 1054/934/765 1055/935/764
f 1056/936/765 1055/935/764 1054/934/765
f 1057/937/766 1058/938/767 1059/939/767
f 1058/938/767 1057/937/766 1060/940/766
f 1028/908/752 1061/941/768 1026/906/751
f 1062/942/769 936/816/670 937/817/671
f 1020/900/746 1062/942/769 1019/899/745
f 1062/942/769 1020/900/746 1063/943/770
f 937/817/671 1019/899/745 1062/942/769
f 1021/901/747 936/816/670 1064/944/771
f 1024/904/749 936/816/670 1021/901/747
f 1062/942/769 1064/944/771 936/816/670
f 953/833/684 937/817/671 935/815/669
f 1024/904/749 934/814/668 936/816/670
f 1065/945/772 815/695/567 1066/946/773
f 814/694/567 1066/946/773 815/695/567
f 1067/947/774 1065/945/772 1066/946/773
f 1065/945/772 1067/947/774 1068/948/775
f 1067/947/774 1069/949/776 1068/948/775
f 1069/949/776 1067/947/774 1070/950/777
f 1070/950/777 1071/951/778 1069/949/776
f 1071/951/778 1070/950/777 1072/952/779
f 1072/952/779 1073/953/780 1074/954/781
f 1074/954/781 1071/951/778 1072/952/779
f 1073/953/780 1075/955/782 1074/954/781
f 1075/955/782 1076/956/783 1074/954/781
f 1075/955/782 1077/957/784 1076/956/783
f 1077/957/784 1075/955/782 1078/958/785
f 1078/958/785 1079/959/786 1077/957/784
f 1079/959/786 1078/958/785 1080/960/787
f 831/711/583 1079/959/786 1080/960/787
f 831/711/583 1080/960/787 832/712/583
f 834/714/585 1081/961/788 835/715/585
f 1081/961/788 834/714/585 1082/962/789
f 1083/963/790 837/717/587 839/719/587
f 837/717/587 1083/963/790 1084/964/791
f 1085/965/792 1084/964/791 1083/963/790
f 1084/964/791 1085/965/792 1086/966/792
f 1087/967/793 1088/968/794 1089/969/794
f 1088/968/794 1087/967/793 1090/970/795
f 1091/971/796 1092/972/797 1087/967/793
f 1092/972/797 1090/970/795 1087/967/793
f 1092/972/797 1093/973/798 1094/974/799
f 1093/973/798 1092/972/797 1091/971/796
f 1095/975/800 1094/974/799 1093/973/798
f 1094/974/799 1095/975/800 1096/976/801
f 1096/976/801 1095/975/800 1097/977/802
f 1098/978/802 1097/977/802 1095/975/800
f 1099/979/803 1100/980/803 1082/962/789
f 1081/961/788 1082/962/789 1100/980/803
f 1101/981/804 858/738/603 860/740/605
f 858/738/603 1101/981/804 1102/982/805
f 1103/983/806 1102/982/805 1101/981/804
f 1104/984/807 1105/985/808 1106/986/809
f 1107/987/810 1108/988/811 1109/989/812
f 1103/983/806 1110/990/813 1102/982/805
f 1111/991/814 1105/985/808 1104/984/807
f 1110/990/813 1107/987/810 1102/982/805
f 1108/988/811 1106/986/809 1105/985/808
f 871/751/616 1105/985/808 1111/991/814
f 871/751/616 1111/991/814 870/750/615
f 872/752/617 1109/989/812 1105/985/808
f 872/752/617 1105/985/808 871/751/616
f 1105/985/808 1109/989/812 1108/988/811
f 1102/982/805 1107/987/810 1109/989/812
f 858/738/603 1109/989/812 872/752/617
f 1109/989/812 858/738/603 1102/982/805
f 1112/992/815 875/755/620 1113/993/816
f 875/755/620 876/756/621 1113/993/816
f 1112/992/815 1114/994/817 1115/995/818
f 1114/994/817 1112/992/815 1113/993/816
f 1116/996/819 1117/997/820 1115/995/818
f 1115/995/818 1114/994/817 1116/996/819
f 1118/998/821 1119/999/822 1120/1000/823
f 1119/999/822 1118/998/821 1121/1001/824
f 1121/1001/824 1122/1002/825 1119/999/822
f 1122/1002/825 1121/1001/824 1123/1003/826
f 1122/1002/825 1124/1004/827 1125/1005/828
f 1124/1004/827 1122/1002/825 1123/1003/826
f 1126/1006/829 1127/1007/830 1125/1005/828
f 1125/1005/828 1124/1004/827 1126/1006/829
f 1128/1008/831 1129/1009/832 1130/1010/833
f 1129/1009/832 1131/1011/834 1130/1010/833
f 895/775/640 1130/1010/833 1131/1011/834
f 895/775/640 1131/1011/834 896/776/641
f 1132/1012/835 898/778/643 875/755/620
f 1132/1012/835 875/755/620 1112/992/815
f 1133/1013/836 1132/1012/835 1112/992/815
f 1133/1013/836 1112/992/815 1115/995/818
f 1134/1014/837 1115/995/818 1117/997/820
f 1115/995/818 1134/1014/837 1133/1013/836
f 1135/1015/838 1120/1000/823 1119/999/822
f 1120/1000/823 1135/1015/838 1136/1016/839
f 1137/1017/840 1135/1015/838 1119/999/822
f 1137/1017/840 1119/999/822 1122/1002/825
f 1137/1017/840 1122/1002/825 1138/1018/841
f 1138/1018/841 1122/1002/825 1125/1005/828
f 1139/1019/842 1125/1005/828 1127/1007/830
f 1125/1005/828 1139/1019/842 1138/1018/841
f 1140/1020/843 1128/1008/831 1130/1010/833
f 1128/1008/831 1140/1020/843 1141/1021/844
f 1130/1010/833 895/775/640 1140/1020/843
f 908/788/653 1140/1020/843 895/775/640
f 1142/1022/845 1143/1023/846 1144/1024/847
f 1142/1022/845 1145/1025/848 1143/1023/846
f 1145/1025/848 1146/1026/849 1143/1023/846
f 1147/1027/659 1148/1028/659 1149/1029/659
f 1150/1030/850 1151/1031/851 1152/1032/852
f 1153/1033/853 1151/1031/851 1150/1030/850
f 1153/1033/853 1143/1023/846 1151/1031/851
f 1143/1023/846 1153/1033/853 1144/1024/847
f 1149/1029/659 1154/1034/659 1155/1035/659
f 1148/1028/659 1154/1034/659 1149/1029/659
f 925/805/663 1156/1036/854 1157/1037/854
f 925/805/663 1157/1037/854 923/803/663
f 1158/1038/659 928/808/659 930/810/659
f 928/808/659 1158/1038/659 1159/1039/659
f 1160/1040/855 1161/1041/856 1162/1042/857
f 1163/1043/858 1164/1044/859 1165/1045/860
f 1163/1043/858 1166/1046/861 1164/1044/859
f 1167/1047/862 1168/1048/863 1169/1049/864
f 1169/1049/864 1168/1048/863 1170/1050/864
f 1167/1047/862 1171/1051/865 1168/1048/863
f 1171/1051/865 1172/1052/866 1173/1053/866
f 1172/1052/866 1171/1051/865 1167/1047/862
f 946/826/678 1174/1054/867 947/827/679
f 1174/1054/867 946/826/678 1175/1055/868
f 1174/1054/867 1175/1055/868 1176/1056/869
f 950/830/682 1162/1042/857 951/831/682
f 1162/1042/857 950/830/682 1160/1040/855
f 1177/1057/870 952/832/683 954/834/685
f 952/832/683 1177/1057/870 1165/1045/860
f 1178/1058/871 1179/1059/872 1180/1060/873
f 1179/1059/872 1178/1058/871 1181/1061/874
f 1182/1062/875 1178/1058/871 1183/1063/876
f 1178/1058/871 1182/1062/875 1181/1061/874
f 1184/1064/877 1185/1065/878 1183/1063/876
f 1185/1065/878 1182/1062/875 1183/1063/876
f 1186/1066/879 1187/1067/880 1185/1065/878
f 1186/1066/879 1185/1065/878 1184/1064/877
f 1188/1068/881 1189/1069/882 1190/1070/883
f 1189/1069/882 1188/1068/881 1191/1071/884
f 1188/1068/881 969/849/700 970/850/701
f 969/849/700 1188/1068/881 1190/1070/883
f 1189/1069/882 1191/1071/884 1192/1072/885
f 1189/1069/882 1192/1072/885 1193/1073/886
f 1194/1074/887 1195/1075/888 1196/1076/643
f 1196/1076/643 1195/1075/888 1197/1077/643
f 1198/1078/643 1197/1077/643 1199/1079/643
f 1197/1077/643 1198/1078/643 1196/1076/643
f 1198/1078/643 1199/1079/643 1200/1080/705
f 1200/1080/705 1199/1079/643 1201/1081/705
f 1194/1074/887 1202/1082/889 1195/1075/888
f 1202/1082/889 1194/1074/887 1203/1083/890
f 1180/1060/873 1204/1084/891 1178/1058/871
f 1205/1085/892 1178/1058/871 1206/1086/893
f 1178/1058/871 1205/1085/892 1183/1063/876
f 1207/1087/894 1184/1064/877 1183/1063/876
f 1207/1087/894 1183/1063/876 1205/1085/892
f 1186/1066/879 1207/1087/894 1208/1088/895
f 1207/1087/894 1186/1066/879 1184/1064/877
f 1193/1073/886 1209/1089/896 1189/1069/882
f 1209/1089/896 1193/1073/886 1210/1090/897
f 1211/1091/898 1190/1070/883 1189/1069/882
f 1189/1069/882 1209/1089/896 1211/1091/898
f 969/849/700 1211/1091/898 991/871/717
f 1211/1091/898 969/849/700 1190/1070/883
f 1212/1092/899 1213/1093/900 1214/1094/901
f 995/875/721 1215/1095/902 998/878/724
f 1215/1095/902 995/875/721 1216/1096/903
f 1217/1097/904 1215/1095/902 1216/1096/903
f 1215/1095/902 1217/1097/904 1218/1098/905
f 1217/1097/904 1219/1099/906 1218/1098/905
f 1220/1100/907 1221/1101/908 1206/1086/893
f 1218/1098/905 1214/1094/901 1213/1093/900
f 1218/1098/905 1222/1102/909 1214/1094/901
f 1223/1103/910 1218/1098/905 1219/1099/906
f 1218/1098/905 1223/1103/910 1222/1102/909
f 1224/1104/911 1207/1087/894 1225/1105/912
f 1207/1087/894 1224/1104/911 1208/1088/895
f 1217/1097/904 1226/1106/913 1227/1107/914
f 1226/1106/913 1216/1096/903 1228/1108/915
f 1216/1096/903 1226/1106/913 1217/1097/904
f 1011/891/737 1216/1096/903 995/875/721
f 1216/1096/903 1011/891/737 1228/1108/915
f 998/878/724 1213/1093/900 1212/1092/899
f 998/878/724 1212/1092/899 1012/892/738
f 1220/1100/907 1229/1109/916 1221/1101/908
f 1205/1085/892 1221/1101/908 1230/1110/917
f 1221/1101/908 1205/1085/892 1206/1086/893
f 1230/1110/917 1225/1105/912 1207/1087/894
f 1207/1087/894 1205/1085/892 1230/1110/917
f 1227/1107/914 1219/1099/906 1217/1097/904
f 1219/1099/906 1227/1107/914 1223/1103/910
f 1231/1111/918 1209/1089/896 1210/1090/897
f 1231/1111/918 1210/1090/897 1232/1112/919
f 1211/1091/898 1231/1111/918 1233/1113/920
f 1231/1111/918 1211/1091/898 1209/1089/896
f 1211/1091/898 1018/898/744 991/871/717
f 1018/898/744 1211/1091/898 1233/1113/920
f 1212/1092/899 946/826/678 1012/892/738
f 946/826/678 1212/1092/899 1175/1055/868
f 1213/1093/900 1215/1095/902 1218/1098/905
f 1213/1093/900 998/878/724 1215/1095/902
f 1204/1084/891 1220/1100/907 1206/1086/893
f 1206/1086/893 1178/1058/871 1204/1084/891
f 952/832/683 1165/1045/860 1234/1114/921
f 1234/1114/921 1020/900/746 952/832/683
f 1235/1115/922 1023/903/748 1022/902/748
f 1023/903/748 1235/1115/922 1236/1116/923
f 1237/1117/924 1238/1118/925 1239/1119/925
f 1238/1118/925 1237/1117/924 1240/1120/926
f 1241/1121/927 1031/911/754 1030/910/754
f 1031/911/754 1241/1121/927 1242/1122/927
f 1034/914/756 1243/1123/928 1035/915/756
f 1243/1123/928 1034/914/756 1244/1124/928
f 1245/1125/929 1037/917/757 1246/1126/929
f 1039/919/757 1246/1126/929 1037/917/757
f 1042/922/759 1203/1083/890 1041/921/759
f 1194/1074/887 1041/921/759 1203/1083/890
f 1043/923/760 1202/1082/889 1044/924/760
f 1202/1082/889 1043/923/760 1195/1075/888
f 1247/1127/930 1047/927/762 1046/926/762
f 1047/927/762 1247/1127/930 1248/1128/930
f 1249/1129/931 1250/1130/931 1251/1131/931
f 1252/1132/931 1251/1131/931 1250/1130/931
f 1253/1133/932 1055/935/764 1254/1134/932
f 1055/935/764 1253/1133/932 1053/933/764
f 1255/1135/933 1058/938/767 1256/1136/933
f 1058/938/767 1255/1135/933 1059/939/767
f 1240/1120/926 1237/1117/924 1257/1137/934
f 1258/1138/935 1165/1045/860 1164/1044/859
f 1258/1138/935 1020/900/746 1234/1114/921
f 1020/900/746 1258/1138/935 1063/943/770
f 1165/1045/860 1258/1138/935 1234/1114/921
f 1236/1116/923 1235/1115/922 1164/1044/859
f 1259/1139/936 1164/1044/859 1235/1115/922
f 1258/1138/935 1164/1044/859 1259/1139/936
f 1177/1057/870 1163/1043/858 1165/1045/860
f 1236/1116/923 1164/1044/859 1166/1046/861
f 1260/1140/937 1261/1141/937 1262/1142/937
f 1260/1140/937 1262/1142/937 1263/1143/937
f 1264/1144/938 1265/1145/938 1266/1146/938
f 1266/1146/938 1267/1147/938 1264/1144/938
f 1268/1148/939 1269/1149/939 1270/1150/939
f 1269/1149/939 1268/1148/939 1271/1151/939
f 1272/1152/940 1273/1153/940 1274/1154/940
f 1274/1154/940 1273/1153/940 1275/1155/940
f 1276/1156/941 1277/1157/941 1278/1158/941
f 1277/1157/941 1276/1156/941 1279/1159/941
f 1280/1160/942 1281/1161/942 1282/1162/942
f 1280/1160/942 1282/1162/942 1283/1163/942
f 1284/1164/943 1285/1165/943 1286/1166/943
f 1286/1166/943 1287/1167/943 1284/1164/943
f 1288/1168/944 1289/1169/945 1290/1170/945
f 1289/1169/945 1288/1168/944 1291/1171/945
f 1292/1172/946 1293/1173/946 1294/1174/946
f 1294/1174/946 1293/1173/946 1295/1175/946
f 1296/1176/941 1297/1177/941 1298/1178/941
f 1297/1177/941 1296/1176/941 1299/1179/941
f 1300/1180/947 1301/1181/948 1302/1182/949
f 1301/1181/948 1300/1180/947 1303/1183/947
f 1304/1184/950 1302/1182/949 1301/1181/948
f 1302/1182/949 1304/1184/950 1305/1185/950
f 1306/1186/951 1307/1187/952 1308/1188/953
f 1307/1187/952 1306/1186/951 1309/1189/954
f 1310/1190/955 1311/1191/956 1312/1192/957
f 1311/1191/956 1310/1190/955 1313/1193/956
f 1314/1194/958 1315/1195/959 1316/1196/958
f 1315/1195/959 1314/1194/958 1317/1197/960
f 1318/1198/961 1319/1199/961 1320/1200/961
f 1319/1199/961 1318/1198/961 1321/1201/961
f 1322/1202/962 1323/1203/963 1324/1204/962
f 1323/1203/963 1322/1202/962 1325/1205/964
f 1326/1206/965 1327/1207/966 1328/1208/966
f 1326/1206/965 1328/1208/966 1329/1209/967
f 1330/1210/968 1323/1203/963 1325/1205/964
f 1323/1203/963 1330/1210/968 1331/1211/969
f 1329/1209/967 1332/1212/970 1326/1206/965
f 1332/1212/970 1329/1209/967 1333/1213/971
f 1334/1214/972 1335/1215/973 1336/1216/974
f 1334/1214/972 1337/1217/975 1335/1215/973
f 1338/1218/976 1339/1219/977 1340/1220/978
f 1339/1219/977 1338/1218/976 1341/1221/979
f 1342/1222/980 1343/1223/981 1344/1224/982
f 1343/1223/981 1342/1222/980 1345/1225/983
f 1346/1226/984 1347/1227/984 1348/1228/984
f 1347/1227/984 1346/1226/984 1349/1229/984
f 1350/1230/985 1351/1231/986 1352/1232/987
f 1351/1231/986 1350/1230/985 1353/1233/988
f 1354/1234/989 1355/1235/990 1356/1236/991
f 1354/1234/989 1356/1236/991 1357/1237/989
f 1352/1232/987 1358/1238/992 1359/1239/993
f 1358/1238/992 1352/1232/987 1351/1231/986
f 1317/1197/960 1310/1190/955 1312/1192/957
f 1317/1197/960 1312/1192/957 1315/1195/959
f 1360/1240/994 1353/1233/988 1350/1230/985
f 1353/1233/988 1360/1240/994 1361/1241/994
f 1345/1225/983 1355/1235/990 1343/1223/981
f 1355/1235/990 1345/1225/983 1356/1236/991
f 1362/1242/995 1363/1243/996 1364/1244/997
f 1363/1243/996 1362/1242/995 1365/1245/998
f 1366/1246/999 1367/1247/1000 1368/1248/1001
f 1367/1247/1000 1366/1246/999 1369/1249/1002
f 1370/1250/1003 1371/1251/1004 1372/1252/1005
f 1371/1251/1004 1370/1250/1003 1373/1253/1003
f 1372/1252/1005 1374/1254/1006 1375/1255/1007
f 1374/1254/1006 1372/1252/1005 1371/1251/1004
f 1375/1255/1007 1376/1256/1008 1377/1257/1008
f 1376/1256/1008 1375/1255/1007 1374/1254/1006
f 1378/1258/1009 1379/1259/1009 1364/1244/997
f 1362/1242/995 1364/1244/997 1379/1259/1009
f 1380/1260/1010 1309/1189/954 1306/1186/951
f 1309/1189/954 1380/1260/1010 1381/1261/1010
f 1308/1188/953 1382/1262/1011 1383/1263/1011
f 1382/1262/1011 1308/1188/953 1307/1187/952
f 1330/1210/968 1337/1217/975 1331/1211/969
f 1337/1217/975 1330/1210/968 1335/1215/973
f 1341/1221/979 1332/1212/970 1333/1213/971
f 1332/1212/970 1341/1221/979 1338/1218/976
f 1342/1222/980 1334/1214/972 1336/1216/974
f 1334/1214/972 1342/1222/980 1344/1224/982
f 1340/1220/978 1339/1219/977 1359/1239/993
f 1340/1220/978 1359/1239/993 1358/1238/992
f 1384/1264/1012 1385/1265/1012 1369/1249/1002
f 1367/1247/1000 1369/1249/1002 1385/1265/1012
f 1386/1266/1013 1368/1248/1001 1387/1267/1013
f 1368/1248/1001 1386/1266/1013 1366/1246/999
f 1388/1268/1014 1389/1269/1014 1390/1270/1014
f 1390/1270/1014 1389/1269/1014 1391/1271/1014
f 1392/1272/6 1393/1273/6 1394/1274/6
f 1394/1274/6 1393/1273/6 1395/1275/6
f 1396/1276/96 1397/1277/96 1398/1278/96
f 1397/1277/96 1396/1276/96 1399/1279/96
f 1400/1280/254 1401/1281/254 1402/1282/254
f 1401/1281/254 1400/1280/254 1403/1283/254
f 1404/1284/643 1405/1285/643 1406/1286/643
f 1406/1286/643 1407/1287/643 1404/1284/643
f 1408/1288/701 1409/1289/701 1410/1290/701
f 1409/1289/701 1408/1288/701 1411/1291/701
f 1412/1292/659 1413/1293/659 1414/1294/659
f 1413/1293/659 1412/1292/659 1415/1295/659
f 1416/1296/96 1417/1297/96 1398/1278/96
f 1418/1298/254 1402/1282/254 1419/1299/254
f 1401/1281/254 1419/1299/254 1402/1282/254
f 1420/1300/1015 1421/1301/1015 1422/1302/1015
f 1421/1301/1015 1423/1303/1015 1422/1302/1015
f 1396/1276/96 1398/1278/96 1417/1297/96
f 1424/1304/1016 1425/1305/1016 1426/1306/1016
f 1426/1306/1016 1425/1305/1016 1427/1307/1016
f 1428/1308/1017 1429/1309/1017 1430/1310/1017
f 1428/1308/1017 1430/1310/1017 1431/1311/1017
f 1432/1312/254 1433/1313/254 1434/1314/254
f 1435/1315/1018 1436/1316/1018 1437/1317/1019
f 1435/1315/1018 1437/1317/1019 1438/1318/1019
f 1439/1319/96 1440/1320/96 1441/1321/96
f 1439/1319/96 1441/1321/96 1442/1322/96
f 1438/1318/1019 1443/1323/1020 1444/1324/1020
f 1443/1323/1020 1438/1318/1019 1437/1317/1019
f 1445/1325/96 1440/1320/96 1439/1319/96
f 1433/1313/254 1446/1326/254 1434/1314/254
f 1446/1326/254 1433/1313/254 1447/1327/254
f 1448/1328/1021 1449/1329/1022 1450/1330/1023
f 1451/1331/1024 1452/1332/1024 1453/1333/1025
f 1454/1334/1026 1453/1333/1025 1452/1332/1024
f 1449/1329/1022 1455/1335/1027 1450/1330/1023
f 1456/1336/1028 1452/1332/1024 1451/1331/1024
f 1452/1332/1024 1456/1336/1028 1457/1337/1029
f 1453/1333/1025 1458/1338/1030 1459/1339/1031
f 1458/1338/1030 1453/1333/1025 1454/1334/1026
f 1455/1335/1027 1460/1340/1032 1450/1330/1023
f 1461/1341/1033 1448/1328/1021 1450/1330/1023
f 1459/1339/1031 1458/1338/1030 1462/1342/1034
f 1462/1342/1034 1458/1338/1030 1463/1343/1035
f 1460/1340/1032 1464/1344/1036 1450/1330/1023
f 1465/1345/1037 1456/1336/1028 1466/1346/1038
f 1456/1336/1028 1465/1345/1037 1457/1337/1029
f 1467/1347/1039 1463/1343/1035 1468/1348/1040
f 1463/1343/1035 1467/1347/1039 1462/1342/1034
f 1464/1344/1036 1469/1349/1041 1450/1330/1023
f 1470/1350/1042 1461/1341/1033 1450/1330/1023
f 1467/1347/1039 1471/1351/1043 1472/1352/1043
f 1471/1351/1043 1467/1347/1039 1468/1348/1040
f 1469/1349/1041 1473/1353/1044 1450/1330/1023
f 1465/1345/1037 1466/1346/1038 1474/1354/1045
f 1474/1354/1045 1466/1346/1038 1475/1355/1046
f 1476/1356/1047 1477/1357/1048 1478/1358/1049
f 1479/1359/1049 1478/1358/1049 1477/1357/1048
f 1473/1353/1044 1480/1360/1050 1450/1330/1023
f 1480/1360/1050 1470/1350/1042 1450/1330/1023
f 1474/1354/1045 1477/1357/1048 1476/1356/1047
f 1477/1357/1048 1474/1354/1045 1475/1355/1046
f 1481/1361/643 1482/1362/1051 1483/1363/1052
f 1482/1362/1051 1481/1361/643 1484/1364/1053
f 1485/1365/1054 1483/1363/1052 1486/1366/1054
f 1483/1363/1052 1485/1365/1054 1481/1361/643
f 1485/1365/1054 1487/1367/643 1488/1368/643
f 1487/1367/643 1485/1365/1054 1486/1366/1054
f 1489/1369/643 1488/1368/643 1487/1367/643
f 1488/1368/643 1489/1369/643 1490/1370/643
f 1490/1370/643 1491/1371/643 1492/1372/643
f 1491/1371/643 1490/1370/643 1489/1369/643
f 1493/1373/643 1492/1372/643 1491/1371/643
f 1492/1372/643 1493/1373/643 1494/1374/643
f 1493/1373/643 1495/1375/643 1494/1374/643
f 1494/1374/643 1495/1375/643 1496/1376/643
f 1497/1377/643 1495/1375/643 1498/1378/643
f 1495/1375/643 1497/1377/643 1496/1376/643
f 1498/1378/643 1499/1379/643 1497/1377/643
f 1499/1379/643 1498/1378/643 1500/1380/643
f 1500/1380/643 1484/1364/1053 1499/1379/643
f 1484/1364/1053 1500/1380/643 1482/1362/1051
f 1501/1381/1055 1502/1382/1056 1503/1383/1057
f 1504/1384/1058 1502/1382/1056 1505/1385/1059
f 1502/1382/1056 1504/1384/1058 1503/1383/1057
f 1506/1386/1060 1505/1385/1059 1507/1387/1061
f 1505/1385/1059 1506/1386/1060 1504/1384/1058
f 1507/1387/1061 1508/1388/1062 1506/1386/1060
f 1506/1386/1060 1508/1388/1062 1509/1389/1063
f 1508/1388/1062 1510/1390/1064 1509/1389/1063
f 1511/1391/1065 1509/1389/1063 1510/1390/1064
f 1509/1389/1063 1511/1391/1065 1512/1392/1066
f 1511/1391/1065 1513/1393/1067 1512/1392/1066
f 1514/1394/1068 1515/1395/1069 1516/1396/1070
f 1516/1396/1070 1517/1397/1071 1514/1394/1068
f 1518/1398/1072 1517/1397/1071 1516/1396/1070
f 1517/1397/1071 1518/1398/1072 1519/1399/1073
f 1501/1381/1055 1519/1399/1073 1518/1398/1072
f 1519/1399/1073 1501/1381/1055 1503/1383/1057
f 1520/1400/1074 1521/1401/1075 1503/1383/1057
f 1520/1400/1074 1504/1384/1058 1522/1402/1076
f 1504/1384/1058 1520/1400/1074 1503/1383/1057
f 1523/1403/1077 1504/1384/1058 1506/1386/1060
f 1504/1384/1058 1523/1403/1077 1522/1402/1076
f 1524/1404/1078 1523/1403/1077 1506/1386/1060
f 1506/1386/1060 1525/1405/1079 1524/1404/1078
f 1525/1405/1079 1506/1386/1060 1509/1389/1063
f 1509/1389/1063 1526/1406/1080 1525/1405/1079
f 1526/1406/1080 1509/1389/1063 1512/1392/1066
f 1527/1407/1081 1528/1408/1082 1514/1394/1068
f 1517/1397/1071 1527/1407/1081 1514/1394/1068
f 1527/1407/1081 1517/1397/1071 1529/1409/1083
f 1529/1409/1083 1517/1397/1071 1519/1399/1073
f 1519/1399/1073 1530/1410/1084 1529/1409/1083
f 1503/1383/1057 1530/1410/1084 1519/1399/1073
f 1530/1410/1084 1503/1383/1057 1521/1401/1075
f 1531/1411/1085 1532/1412/1086 1533/1413/1087
f 1533/1413/1087 1532/1412/1086 1534/1414/1088
f 1535/1415/1089 1531/1411/1085 1536/1416/1090
f 1533/1413/1087 1536/1416/1090 1531/1411/1085
f 1535/1415/1089 1537/1417/1091 1538/1418/1092
f 1537/1417/1091 1535/1415/1089 1536/1416/1090
f 1538/1418/1092 1539/1419/1093 1540/1420/1094
f 1539/1419/1093 1538/1418/1092 1537/1417/1091
f 1541/1421/1095 1539/1419/1093 1542/1422/1096
f 1539/1419/1093 1541/1421/1095 1540/1420/1094
f 1542/1422/1096 1543/1423/1097 1544/1424/1097
f 1542/1422/1096 1544/1424/1097 1541/1421/1095
f 1545/1425/1098 1546/1426/1099 1547/1427/1099
f 1545/1425/1098 1547/1427/1099 1548/1428/1100
f 1549/1429/1101 1548/1428/1100 1550/1430/1102
f 1548/1428/1100 1549/1429/1101 1545/1425/1098
f 1551/1431/1103 1550/1430/1102 1552/1432/1104
f 1550/1430/1102 1551/1431/1103 1549/1429/1101
f 1532/1412/1086 1551/1431/1103 1552/1432/1104
f 1532/1412/1086 1552/1432/1104 1534/1414/1088
f 1553/1433/1105 1554/1434/1106 1555/1435/1107
f 1554/1434/1106 1553/1433/1105 1556/1436/1108
f 1557/1437/1109 1556/1436/1108 1553/1433/1105
f 1556/1436/1108 1557/1437/1109 1558/1438/1110
f 1558/1438/1110 1559/1439/1111 1560/1440/1112
f 1559/1439/1111 1558/1438/1110 1557/1437/1109
f 1560/1440/1112 1561/1441/1113 1562/1442/1114
f 1561/1441/1113 1560/1440/1112 1559/1439/1111
f 1563/1443/1115 1564/1444/1116 1562/1442/1114
f 1562/1442/1114 1561/1441/1113 1563/1443/1115
f 1565/1445/1117 1566/1446/1117 1563/1443/1115
f 1564/1444/1116 1563/1443/1115 1566/1446/1117
f 1567/1447/1118 1568/1448/1119 1569/1449/1118
f 1568/1448/1119 1567/1447/1118 1570/1450/1120
f 1571/1451/1121 1570/1450/1120 1572/1452/1122
f 1570/1450/1120 1571/1451/1121 1568/1448/1119
f 1573/1453/1123 1574/1454/1124 1572/1452/1122
f 1572/1452/1122 1574/1454/1124 1571/1451/1121
f 1555/1435/1107 1554/1434/1106 1573/1453/1123
f 1554/1434/1106 1574/1454/1124 1573/1453/1123
f 1575/1455/1125 1448/1328/1021 1576/1456/1126
f 1448/1328/1021 1575/1455/1125 1449/1329/1022
f 1455/1335/1027 1575/1455/1125 1577/1457/1127
f 1575/1455/1125 1455/1335/1027 1449/1329/1022
f 1455/1335/1027 1578/1458/1128 1460/1340/1032
f 1578/1458/1128 1455/1335/1027 1577/1457/1127
f 1460/1340/1032 1578/1458/1128 1464/1344/1036
f 1464/1344/1036 1578/1458/1128 1579/1459/1129
f 1469/1349/1041 1464/1344/1036 1579/1459/1129
f 1469/1349/1041 1579/1459/1129 1580/1460/1130
f 1469/1349/1041 1581/1461/1131 1473/1353/1044
f 1581/1461/1131 1469/1349/1041 1580/1460/1130
f 1581/1461/1131 1480/1360/1050 1473/1353/1044
f 1480/1360/1050 1581/1461/1131 1582/1462/1132
f 1583/1463/1133 1480/1360/1050 1582/1462/1132
f 1480/1360/1050 1583/1463/1133 1470/1350/1042
f 1584/1464/1134 1470/1350/1042 1583/1463/1133
f 1470/1350/1042 1584/1464/1134 1461/1341/1033
f 1461/1341/1033 1576/1456/1126 1448/1328/1021
f 1576/1456/1126 1461/1341/1033 1584/1464/1134
f 1585/1465/1135 1586/1466/1135 1587/1467/1135
f 1586/1466/1135 1585/1465/1135 1588/1468/1135
f 1589/1469/1136 1590/1470/1136 1591/1471/1136
f 1590/1470/1136 1589/1469/1136 1592/1472/1136
f 1593/1473/1137 1594/1474/1137 1595/1475/1138
f 1596/1476/1139 1595/1475/1138 1594/1474/1137
f 1595/1475/1138 1597/1477/1140 1598/1478/1140
f 1597/1477/1140 1595/1475/1138 1596/1476/1139
f 1599/1479/1141 1600/1480/1141 1601/1481/1141
f 1600/1480/1141 1599/1479/1141 1602/1482/1141
f 1603/1483/1142 1604/1484/1143 1605/1485/1144
f 1605/1485/1144 1604/1484/1143 1606/1486/1144
f 1607/1487/1145 1608/1488/1146 1609/1489/1146
f 1608/1488/1146 1607/1487/1145 1610/1490/1147
f 1611/1491/1148 1607/1487/1145 1612/1492/1148
f 1607/1487/1145 1611/1491/1148 1610/1490/1147
f 1603/1483/1142 1613/1493/1149 1604/1484/1143
f 1604/1484/1143 1613/1493/1149 1614/1494/1149
f 500/500/418 501/501/419 502/502/420
f 502/502/420 501/501/419 503/503/420
f 504/504/421 501/501/419 500/500/418
f 501/501/419 504/504/421 505/505/422
f 506/506/423 507/507/424 508/508/425
f 507/507/424 506/506/423 509/509/426
f 510/510/427 511/511/428 512/512/429
f 512/512/429 511/511/428 513/513/430
f 514/514/431 506/506/423 515/515/432
f 506/506/423 514/514/431 509/509/426
f 516/516/433 517/517/434 518/518/435
f 517/517/434 516/516/433 519/519/436
f 520/520/437 505/505/422 504/504/421
f 505/505/422 520/520/437 521/521/437
f 522/522/438 523/523/439 524/524/439
f 523/523/439 522/522/438 525/525/438
f 513/513/430 526/526/440 527/527/441
f 526/526/440 513/513/430 511/511/428
f 528/528/442 524/524/439 523/523/439
f 528/528/442 523/523/439 529/529/442
f 530/530/443 518/518/435 517/517/434
f 530/530/443 517/517/434 531/531/443
f 532/532/444 533/533/444 510/510/427
f 532/532/444 510/510/427 512/512/429
f 508/508/425 534/534/445 506/506/423
f 535/535/446 506/506/423 534/534/445
f 507/507/424 536/536/447 537/537/448
f 509/509/426 514/514/431 538/538/449
f 538/538/449 536/536/447 509/509/426
f 509/509/426 536/536/447 507/507/424
f 508/508/425 537/537/448 539/539/450
f 537/537/448 508/508/425 507/507/424
f 539/539/450 540/540/451 508/508/425
f 508/508/425 540/540/451 534/534/445
f 506/506/423 535/535/446 515/515/432
f 541/541/452 515/515/432 535/535/446
f 542/542/453 543/543/454 544/544/455
f 542/542/453 544/544/455 545/545/455
f 520/520/437 542/542/453 521/521/437
f 542/542/453 520/520/437 543/543/454
f 535/535/446 546/546/456 547/547/457
f 535/535/446 534/534/445 546/546/456
f 548/548/458 549/549/459 550/550/460
f 550/550/460 551/551/461 548/548/458
f 552/552/462 535/535/446 547/547/457
f 535/535/446 552/552/462 541/541/452
f 551/551/461 553/553/463 548/548/458
f 553/553/463 551/551/461 554/554/463
f 555/555/464 525/525/438 522/522/438
f 525/525/438 555/555/464 556/556/464
f 557/557/465 519/519/436 516/516/433
f 519/519/436 557/557/465 558/558/465
f 559/559/466 549/549/459 560/560/466
f 549/549/459 559/559/466 550/550/460
f 546/546/456 561/561/467 562/562/468
f 547/547/457 563/563/469 552/552/462
f 547/547/457 562/562/468 563/563/469
f 562/562/468 547/547/457 546/546/456
f 561/561/467 534/534/445 540/540/451
f 534/534/445 561/561/467 546/546/456
f 564/564/470 565/565/471 566/566/472
f 566/566/472 567/567/470 564/564/470
f 568/568/473 566/566/472 565/565/471
f 565/565/471 569/569/474 568/568/473
f 569/569/474 570/570/475 568/568/473
f 570/570/475 569/569/474 571/571/475
f 572/572/476 573/573/476 574/574/476
f 575/575/476 574/574/476 573/573/476
f 576/576/477 577/577/478 578/578/479
f 577/577/478 576/576/477 579/579/477
f 577/577/478 580/580/480 578/578/479
f 578/578/479 580/580/480 581/581/480
f 582/582/481 583/583/482 584/584/481
f 584/584/481 583/583/482 585/585/482
f 585/585/482 586/586/483 587/587/483
f 586/586/483 585/585/482 583/583/482
f 587/587/483 586/586/483 588/588/484
f 586/586/483 589/589/484 588/588/484
f 590/590/485 591/591/486 592/592/487
f 593/593/485 591/591/486 590/590/485
f 591/591/486 594/594/488 592/592/487
f 592/592/487 594/594/488 595/595/489
f 595/595/489 596/596/490 597/597/490
f 596/596/490 595/595/489 594/594/488
f 1615/1495/1150 1616/1496/1150 1617/1497/1150
f 1615/1495/1150 1617/1497/1150 1618/1498/1150
f 1619/1499/1151 1620/1500/1151 1621/1501/1151
f 1620/1500/1151 1619/1499/1151 1622/1502/1151
f 1623/1503/1152 1624/1504/1152 1625/1505/1152
f 1623/1503/1152 1625/1505/1152 1626/1506/1152
f 1627/1507/1153 1628/1508/1153 1629/1509/1153
f 1629/1509/1153 1628/1508/1153 1630/1510/1153
f 1631/1511/1154 1632/1512/1154 1633/1513/1154
f 1632/1512/1154 1631/1511/1154 1634/1514/1154
f 1635/1515/1155 1636/1516/1155 1637/1517/1155
f 1636/1516/1155 1635/1515/1155 1638/1518/1155
f 1639/1519/1156 1640/1520/1156 1641/1521/1156
f 1640/1520/1156 1639/1519/1156 1642/1522/1156
f 1643/1523/1157 1644/1524/1157 1645/1525/1157
f 1644/1524/1157 1643/1523/1157 1646/1526/1157
f 1647/1527/1158 1648/1528/1158 1649/1529/1158
f 1649/1529/1158 1650/1530/1158 1647/1527/1158
f 1651/1531/1159 1652/1532/1160 1653/1533/1161
f 1651/1531/1159 1653/1533/1161 1654/1534/1159
f 1655/1535/1162 1656/1536/1162 1657/1537/1162
f 1656/1536/1162 1655/1535/1162 1658/1538/1162
f 1659/1539/1163 1660/1540/1163 1661/1541/1163
f 1660/1540/1163 1659/1539/1163 1662/1542/1163
f 1663/1543/1164 1653/1533/1161 1652/1532/1160
f 1653/1533/1161 1663/1543/1164 1664/1544/1164
f 1665/1545/1165 1666/1546/1165 1667/1547/1165
f 1665/1545/1165 1667/1547/1165 1668/1548/1165
f 1669/1549/1166 1670/1550/1166 1671/1551/1166
f 1670/1550/1166 1669/1549/1166 1672/1552/1166
f 1673/1553/1167 1674/1554/1167 1675/1555/1167
f 1673/1553/1167 1675/1555/1167 1676/1556/1167
f 1677/1557/1168 1678/1558/1168 1679/1559/1168
f 1679/1559/1168 1678/1558/1168 1680/1560/1168
f 1681/1561/1169 1682/1562/1169 1683/1563/1169
f 1682/1562/1169 1681/1561/1169 1684/1564/1169
f 1685/1565/1170 1686/1566/1170 1687/1567/1170
f 1686/1566/1170 1685/1565/1170 1688/1568/1170
f 1689/1569/1171 1690/1570/1171 1691/1571/1171
f 1690/1570/1171 1689/1569/1171 1692/1572/1171
f 1693/1573/1172 1694/1574/1172 1695/1575/1172
f 1693/1573/1172 1695/1575/1172 1696/1576/1172
f 1697/1577/1173 1698/1578/1173 1699/1579/1173
f 1699/1579/1173 1698/1578/1173 1700/1580/1173
f 1701/1581/552 1702/1582/552 1703/1583/552
f 1702/1582/552 1701/1581/552 1704/1584/552
f 1705/1585/562 1706/1586/562 1707/1587/562
f 1706/1586/562 1705/1585/562 1708/1588/562
f 1709/1589/1171 1710/1590/1171 1711/1591/1171
f 1710/1590/1171 1709/1589/1171 1712/1592/1171
f 1713/1593/550 1714/1594/550 1715/1595/550
f 1713/1593/550 1715/1595/550 1716/1596/550
f 1717/1597/1174 1718/1598/1174 1719/1599/1174
f 1719/1599/1174 1718/1598/1174 1720/1600/1174
f 1721/1601/552 1722/1602/552 1723/1603/552
f 1722/1602/552 1721/1601/552 1724/1604/552
f 1725/1605/1175 1726/1606/1175 1727/1607/1175
f 1726/1606/1175 1725/1605/1175 1728/1608/1175
f 1729/1609/554 1730/1610/554 1731/1611/554
f 1730/1610/554 1729/1609/554 1732/1612/554
f 1733/1613/1176 1734/1614/1176 1735/1615/1176
f 1733/1613/1176 1735/1615/1176 1736/1616/1176
f 1737/1617/1177 1738/1618/1177 1739/1619/1177
f 1739/1619/1177 1738/1618/1177 1740/1620/1177
f 1741/1621/1178 1742/1622/1179 1743/1623/1179
f 1742/1622/1179 1741/1621/1178 1744/1624/1178
f 1745/1625/1180 1746/1626/1181 1747/1627/1182
f 1747/1627/1182 1746/1626/1181 1748/1628/1183
f 1749/1629/1184 1750/1630/1185 1751/1631/1184
f 1750/1630/1185 1749/1629/1184 1752/1632/1186
f 1753/1633/1187 1746/1626/1181 1754/1634/1188
f 1746/1626/1181 1753/1633/1187 1755/1635/1189
f 1755/1635/1189 1756/1636/1190 1746/1626/1181
f 1746/1626/1181 1756/1636/1190 1748/1628/1183
f 1752/1632/1186 1757/1637/1191 1750/1630/1185
f 1757/1637/1191 1752/1632/1186 1758/1638/1192
f 1759/1639/1193 1760/1640/1194 1761/1641/1195
f 1761/1641/1195 1760/1640/1194 1762/1642/1196
f 1763/1643/1197 1764/1644/1198 1759/1639/1193
f 1764/1644/1198 1760/1640/1194 1759/1639/1193
f 1765/1645/1199 1764/1644/1198 1766/1646/1200
f 1766/1646/1200 1764/1644/1198 1763/1643/1197
f 1767/1647/1201 1768/1648/1202 1759/1639/1193
f 1759/1639/1193 1761/1641/1195 1767/1647/1201
f 1769/1649/1203 1759/1639/1193 1768/1648/1202
f 1759/1639/1193 1769/1649/1203 1763/1643/1197
f 1770/1650/1204 1763/1643/1197 1769/1649/1203
f 1763/1643/1197 1770/1650/1204 1766/1646/1200
f 1771/1651/1205 1772/1652/1206 1773/1653/1206
f 1771/1651/1205 1773/1653/1206 1774/1654/1207
f 1771/1651/1205 1775/1655/1208 1776/1656/1209
f 1754/1634/1188 1746/1626/1181 1745/1625/1180
f 1771/1651/1205 1774/1654/1207 1775/1655/1208
f 1777/1657/1210 1778/1658/1211 1779/1659/1210
f 1780/1660/1212 1779/1659/1210 1778/1658/1211
f 1780/1660/1212 1778/1658/1211 1781/1661/1213
f 1781/1661/1213 1778/1658/1211 1782/1662/1213
f 1783/1663/1214 1784/1664/1215 1785/1665/1216
f 1784/1664/1215 1783/1663/1214 1786/1666/1214
f 1785/1665/1216 1784/1664/1215 1787/1667/1217
f 1787/1667/1217 1784/1664/1215 1788/1668/1217
f 1789/1669/553 1790/1670/553 1791/1671/553
f 1790/1670/553 1789/1669/553 1792/1672/553
f 1793/1673/554 1794/1674/554 1795/1675/554
f 1794/1674/554 1793/1673/554 1796/1676/554
f 1797/1677/1218 1798/1678/1218 1799/1679/1218
f 1797/1677/1218 1799/1679/1218 1800/1680/1218
f 1801/1681/560 1802/1682/560 1803/1683/560
f 1803/1683/560 1802/1682/560 1804/1684/560
f 1805/1685/561 1806/1686/561 1807/1687/1178
f 1806/1686/561 1805/1685/561 1808/1688/1178
f 1809/1689/1219 1810/1690/1220 1811/1691/1221
f 1809/1689/1219 1811/1691/1221 1812/1692/1222
f 1811/1691/1221 1810/1690/1220 1813/1693/1223
f 1810/1690/1220 1814/1694/1224 1815/1695/1225
f 1815/1695/1225 1816/1696/1226 1817/1697/1227
f 1816/1696/1226 1815/1695/1225 1814/1694/1224
f 1818/1698/1228 1816/1696/1226 1819/1699/1228
f 1816/1696/1226 1818/1698/1228 1817/1697/1227
f 1814/1694/1224 1810/1690/1220 1809/1689/1219
f 1820/1700/1229 1821/1701/1230 1822/1702/1231
f 1821/1701/1230 1820/1700/1229 1823/1703/1230
f 1824/1704/1232 1825/1705/1233 1826/1706/1232
f 1827/1707/1234 1826/1706/1232 1825/1705/1233
f 1828/1708/1235 1829/1709/1236 1830/1710/1235
f 1829/1709/1236 1828/1708/1235 1831/1711/1237
f 1827/1707/1234 1832/1712/1238 1833/1713/1238
f 1832/1712/1238 1827/1707/1234 1825/1705/1233
f 1834/1714/1239 1831/1711/1237 1835/1715/1240
f 1831/1711/1237 1834/1714/1239 1829/1709/1236
f 1836/1716/1241 1837/1717/1242 1838/1718/1243
f 1838/1718/1243 1839/1719/1244 1836/1716/1241
f 1840/1720/1245 1841/1721/1246 1842/1722/1247
f 1841/1721/1246 1840/1720/1245 1843/1723/1245
f 1844/1724/1248 1837/1717/1242 1845/1725/1248
f 1837/1717/1242 1844/1724/1248 1838/1718/1243
f 1834/1714/1239 1842/1722/1247 1841/1721/1246
f 1842/1722/1247 1834/1714/1239 1835/1715/1240
f 1836/1716/1241 1820/1700/1229 1822/1702/1231
f 1820/1700/1229 1836/1716/1241 1839/1719/1244
f 1846/1726/1249 1847/1727/1250 1848/1728/1251
f 1847/1727/1250 1849/1729/1252 1848/1728/1251
f 1850/1730/1253 1848/1728/1251 1849/1729/1252
f 1847/1727/1250 1851/1731/1254 1849/1729/1252
f 1851/1731/1254 1847/1727/1250 1852/1732/1255
f 1852/1732/1255 1853/1733/1256 1851/1731/1254
f 1853/1733/1256 1852/1732/1255 1854/1734/1257
f 1855/1735/1258 1853/1733/1256 1854/1734/1257
f 1853/1733/1256 1855/1735/1258 1856/1736/1258
f 1857/1737/1259 1858/1738/1260 1859/1739/1261
f 1857/1737/1259 1859/1739/1261 1860/1740/1262
f 1859/1739/1261 1858/1738/1260 1861/1741/1263
f 1858/1738/1260 1862/1742/1264 1863/1743/1265
f 1863/1743/1265 1864/1744/1266 1865/1745/1267
f 1864/1744/1266 1863/1743/1265 1862/1742/1264
f 1866/1746/1268 1864/1744/1266 1867/1747/1268
f 1864/1744/1266 1866/1746/1268 1865/1745/1267
f 1862/1742/1264 1858/1738/1260 1857/1737/1259
f 1868/1748/1269 1869/1749/1270 1870/1750/1270
f 1869/1749/1270 1868/1748/1269 1871/1751/1271
f 1872/1752/1272 1873/1753/1273 1874/1754/1272
f 1873/1753/1273 1872/1752/1272 1875/1755/1274
f 1876/1756/1275 1877/1757/1276 1878/1758/1275
f 1877/1757/1276 1876/1756/1275 1879/1759/1277
f 1875/1755/1274 1880/1760/1278 1873/1753/1273
f 1880/1760/1278 1875/1755/1274 1881/1761/1278
f 1882/1762/1279 1877/1757/1276 1883/1763/1280
f 1877/1757/1276 1879/1759/1277 1883/1763/1280
f 1884/1764/1281 1885/1765/1282 1886/1766/1283
f 1886/1766/1283 1887/1767/1284 1884/1764/1281
f 1888/1768/1285 1889/1769/1286 1890/1770/1287
f 1889/1769/1286 1888/1768/1285 1891/1771/1285
f 1892/1772/1288 1885/1765/1282 1893/1773/1288
f 1885/1765/1282 1892/1772/1288 1886/1766/1283
f 1882/1762/1279 1890/1770/1287 1889/1769/1286
f 1890/1770/1287 1882/1762/1279 1883/1763/1280
f 1884/1764/1281 1871/1751/1271 1868/1748/1269
f 1871/1751/1271 1884/1764/1281 1887/1767/1284
f 1894/1774/1289 1895/1775/1290 1896/1776/1291
f 1895/1775/1290 1897/1777/1292 1896/1776/1291
f 1898/1778/1293 1896/1776/1291 1897/1777/1292
f 1899/1779/1294 1897/1777/1292 1895/1775/1290
f 1897/1777/1292 1899/1779/1294 1900/1780/1295
f 1899/1779/1294 1901/1781/1296 1900/1780/1295
f 1901/1781/1296 1899/1779/1294 1902/1782/1297
f 1903/1783/1298 1901/1781/1296 1902/1782/1297
f 1901/1781/1296 1903/1783/1298 1904/1784/1298
f 1905/1785/1299 1906/1786/1300 1907/1787/1301
f 1906/1786/1300 1905/1785/1299 1908/1788/1302
f 1909/1789/1303 1908/1788/1302 1910/1790/1304
f 1905/1785/1299 1910/1790/1304 1908/1788/1302
f 1908/1788/1302 1911/1791/1305 1906/1786/1300
f 1911/1791/1305 1908/1788/1302 1912/1792/1306
f 1909/1789/1303 1912/1792/1306 1908/1788/1302
f 1912/1792/1306 1909/1789/1303 1913/1793/1307
f 1914/1794/1308 1915/1795/1309 1916/1796/1310
f 1914/1794/1308 1916/1796/1310 1917/1797/1311
f 1918/1798/1312 1919/1799/1313 1920/1800/1314
f 1921/1801/1313 1920/1800/1314 1919/1799/1313
f 1922/1802/1315 1923/1803/1316 1924/1804/1316
f 1923/1803/1316 1922/1802/1315 1925/1805/1317
f 1926/1806/1318 1918/1798/1312 1920/1800/1314
f 1918/1798/1312 1926/1806/1318 1927/1807/1318
f 1928/1808/1319 1922/1802/1315 1929/1809/1320
f 1922/1802/1315 1928/1808/1319 1925/1805/1317
f 1930/1810/1321 1916/1796/1310 1915/1795/1309
f 1915/1795/1309 1931/1811/1321 1930/1810/1321
f 1932/1812/1322 1933/1813/1323 1934/1814/1324
f 1933/1813/1323 1932/1812/1322 1935/1815/1325
f 1936/1816/1326 1933/1813/1323 1937/1817/1327
f 1933/1813/1323 1936/1816/1326 1938/1818/1328
f 1935/1815/1325 1939/1819/1329 1937/1817/1327
f 1937/1817/1327 1933/1813/1323 1935/1815/1325
f 1938/1818/1328 1940/1820/1330 1933/1813/1323
f 1934/1814/1324 1933/1813/1323 1940/1820/1330
f 1941/1821/1331 1907/1787/1301 1942/1822/1332
f 1907/1787/1301 1941/1821/1331 1905/1785/1299
f 1941/1821/1331 1910/1790/1304 1905/1785/1299
f 1910/1790/1304 1941/1821/1331 1943/1823/1333
f 1929/1809/1320 1944/1824/1334 1945/1825/1334
f 1929/1809/1320 1945/1825/1334 1928/1808/1319
f 1914/1794/1308 1946/1826/1335 1947/1827/1335
f 1946/1826/1335 1914/1794/1308 1917/1797/1311
f 1940/1820/1330 1938/1818/1328 1948/1828/1336
f 1940/1820/1330 1948/1828/1336 1949/1829/1337
f 1936/1816/1326 1948/1828/1336 1938/1818/1328
f 1948/1828/1336 1936/1816/1326 1950/1830/1338
# Vertices: 1950, normals: 1338, texture coordinates: 1830, faces: 1754

